{"inputs":{"https://deno.land/x/fresh@1.7.3/src/runtime/polyfills.ts":{"bytes":231,"imports":[]},"../../Library/Caches/deno/deno_esbuild/registry.npmjs.org/preact@10.26.7/node_modules/preact/dist/preact.module.js":{"bytes":11525,"imports":[],"format":"esm"},"https://deno.land/x/fresh@1.7.3/src/runtime/build_id.ts":{"bytes":67,"imports":[],"format":"esm"},"https://deno.land/x/fresh@1.7.3/src/runtime/utils.ts":{"bytes":2835,"imports":[{"path":"preact","kind":"import-statement","external":true},{"path":"https://deno.land/x/fresh@1.7.3/src/runtime/build_id.ts","kind":"import-statement","original":"./build_id.ts"}],"format":"esm"},"https://deno.land/x/fresh@1.7.3/src/constants.ts":{"bytes":386,"imports":[],"format":"esm"},"https://deno.land/x/fresh@1.7.3/src/runtime/active_url.ts":{"bytes":1290,"imports":[{"path":"preact","kind":"import-statement","external":true},{"path":"https://deno.land/x/fresh@1.7.3/src/constants.ts","kind":"import-statement","original":"../constants.ts"}],"format":"esm"},"https://deno.land/x/fresh@1.7.3/src/runtime/entrypoints/main.ts":{"bytes":32043,"imports":[{"path":"https://deno.land/x/fresh@1.7.3/src/runtime/polyfills.ts","kind":"import-statement","original":"../polyfills.ts"},{"path":"../../Library/Caches/deno/deno_esbuild/registry.npmjs.org/preact@10.26.7/node_modules/preact/dist/preact.module.js","kind":"import-statement","original":"preact"},{"path":"https://deno.land/x/fresh@1.7.3/src/runtime/utils.ts","kind":"import-statement","original":"../utils.ts"},{"path":"../../server/rendering/fresh_tags.tsx","kind":"import-statement","external":true},{"path":"https://deno.land/x/fresh@1.7.3/src/constants.ts","kind":"import-statement","original":"../../constants.ts"},{"path":"https://deno.land/x/fresh@1.7.3/src/runtime/active_url.ts","kind":"import-statement","original":"../active_url.ts"}],"format":"esm"},"https://deno.land/x/fresh@1.7.3/src/runtime/deserializer.ts":{"bytes":2087,"imports":[],"format":"esm"},"https://deno.land/x/fresh@1.7.3/src/runtime/entrypoints/deserializer.ts":{"bytes":50,"imports":[{"path":"https://deno.land/x/fresh@1.7.3/src/runtime/deserializer.ts","kind":"import-statement","original":"../deserializer.ts"}],"format":"esm"},"../../Library/Caches/deno/deno_esbuild/registry.npmjs.org/preact@10.26.7/node_modules/preact/hooks/dist/hooks.module.js":{"bytes":3753,"imports":[{"path":"../../Library/Caches/deno/deno_esbuild/registry.npmjs.org/preact@10.26.7/node_modules/preact/dist/preact.module.js","kind":"import-statement","original":"preact"}],"format":"esm"},"../../Library/Caches/deno/deno_esbuild/registry.npmjs.org/@preact/signals-core@1.8.0/node_modules/@preact/signals-core/dist/signals-core.module.js":{"bytes":4245,"imports":[],"format":"esm"},"../../Library/Caches/deno/deno_esbuild/registry.npmjs.org/@preact/signals@2.0.5_preact@10.26.7/node_modules/@preact/signals/dist/signals.module.js":{"bytes":3731,"imports":[{"path":"../../Library/Caches/deno/deno_esbuild/registry.npmjs.org/preact@10.26.7/node_modules/preact/dist/preact.module.js","kind":"import-statement","original":"preact"},{"path":"../../Library/Caches/deno/deno_esbuild/registry.npmjs.org/preact@10.26.7/node_modules/preact/hooks/dist/hooks.module.js","kind":"import-statement","original":"preact/hooks"},{"path":"../../Library/Caches/deno/deno_esbuild/registry.npmjs.org/@preact/signals-core@1.8.0/node_modules/@preact/signals-core/dist/signals-core.module.js","kind":"import-statement","original":"@preact/signals-core"},{"path":"../../Library/Caches/deno/deno_esbuild/registry.npmjs.org/@preact/signals-core@1.8.0/node_modules/@preact/signals-core/dist/signals-core.module.js","kind":"import-statement","original":"@preact/signals-core"}],"format":"esm"},"https://deno.land/x/fresh@1.7.3/src/runtime/entrypoints/signals.ts":{"bytes":42,"imports":[{"path":"../../Library/Caches/deno/deno_esbuild/registry.npmjs.org/@preact/signals@2.0.5_preact@10.26.7/node_modules/@preact/signals/dist/signals.module.js","kind":"import-statement","original":"@preact/signals"}],"format":"esm"},"../../Library/Caches/deno/deno_esbuild/registry.npmjs.org/preact@10.26.7/node_modules/preact/jsx-runtime/dist/jsxRuntime.module.js":{"bytes":1722,"imports":[{"path":"../../Library/Caches/deno/deno_esbuild/registry.npmjs.org/preact@10.26.7/node_modules/preact/dist/preact.module.js","kind":"import-statement","original":"preact"},{"path":"../../Library/Caches/deno/deno_esbuild/registry.npmjs.org/preact@10.26.7/node_modules/preact/dist/preact.module.js","kind":"import-statement","original":"preact"}],"format":"esm"},"components/Loader.tsx":{"bytes":441,"imports":[{"path":"../../Library/Caches/deno/deno_esbuild/registry.npmjs.org/preact@10.26.7/node_modules/preact/jsx-runtime/dist/jsxRuntime.module.js","kind":"import-statement","original":"preact/jsx-runtime"}],"format":"esm"},"utils/tree_state.ts":{"bytes":4214,"imports":[{"path":"@deno/kv-utils/json","kind":"import-statement","external":true},{"path":"../../Library/Caches/deno/deno_esbuild/registry.npmjs.org/preact@10.26.7/node_modules/preact/dist/preact.module.js","kind":"import-statement","original":"preact"},{"path":"../../Library/Caches/deno/deno_esbuild/registry.npmjs.org/@preact/signals@2.0.5_preact@10.26.7/node_modules/@preact/signals/dist/signals.module.js","kind":"import-statement","original":"@preact/signals"},{"path":"./kv.ts","kind":"import-statement","external":true}],"format":"esm"},"https://deno.land/x/fresh@1.7.3/src/types.ts":{"bytes":541,"imports":[],"format":"esm"},"https://deno.land/x/fresh@1.7.3/src/runtime/head.ts":{"bytes":568,"imports":[{"path":"../../Library/Caches/deno/deno_esbuild/registry.npmjs.org/preact@10.26.7/node_modules/preact/dist/preact.module.js","kind":"import-statement","original":"preact"},{"path":"../../Library/Caches/deno/deno_esbuild/registry.npmjs.org/preact@10.26.7/node_modules/preact/hooks/dist/hooks.module.js","kind":"import-statement","original":"preact/hooks"}],"format":"esm"},"https://deno.land/x/fresh@1.7.3/src/runtime/csp.ts":{"bytes":3641,"imports":[{"path":"../../Library/Caches/deno/deno_esbuild/registry.npmjs.org/preact@10.26.7/node_modules/preact/dist/preact.module.js","kind":"import-statement","original":"preact"},{"path":"../../Library/Caches/deno/deno_esbuild/registry.npmjs.org/preact@10.26.7/node_modules/preact/hooks/dist/hooks.module.js","kind":"import-statement","original":"preact/hooks"}],"format":"esm"},"https://deno.land/x/fresh@1.7.3/src/runtime/Partial.tsx":{"bytes":508,"imports":[{"path":"preact","kind":"import-statement","external":true}],"format":"esm"},"https://deno.land/x/fresh@1.7.3/runtime.ts":{"bytes":185,"imports":[{"path":"https://deno.land/x/fresh@1.7.3/src/types.ts","kind":"import-statement","original":"./src/types.ts"},{"path":"https://deno.land/x/fresh@1.7.3/src/runtime/utils.ts","kind":"import-statement","original":"./src/runtime/utils.ts"},{"path":"https://deno.land/x/fresh@1.7.3/src/runtime/head.ts","kind":"import-statement","original":"./src/runtime/head.ts"},{"path":"https://deno.land/x/fresh@1.7.3/src/runtime/csp.ts","kind":"import-statement","original":"./src/runtime/csp.ts"},{"path":"https://deno.land/x/fresh@1.7.3/src/runtime/Partial.tsx","kind":"import-statement","original":"./src/runtime/Partial.tsx"}],"format":"esm"},"components/icons/ExpandDownArrow.tsx":{"bytes":380,"imports":[{"path":"https://deno.land/x/fresh@1.7.3/runtime.ts","kind":"import-statement","original":"$fresh/runtime.ts"},{"path":"../../Library/Caches/deno/deno_esbuild/registry.npmjs.org/preact@10.26.7/node_modules/preact/jsx-runtime/dist/jsxRuntime.module.js","kind":"import-statement","original":"preact/jsx-runtime"}],"format":"esm"},"components/icons/ExpandRightArrow.tsx":{"bytes":377,"imports":[{"path":"https://deno.land/x/fresh@1.7.3/runtime.ts","kind":"import-statement","original":"$fresh/runtime.ts"},{"path":"../../Library/Caches/deno/deno_esbuild/registry.npmjs.org/preact@10.26.7/node_modules/preact/jsx-runtime/dist/jsxRuntime.module.js","kind":"import-statement","original":"preact/jsx-runtime"}],"format":"esm"},"components/tree_view/Toggle.tsx":{"bytes":695,"imports":[{"path":"../../Library/Caches/deno/deno_esbuild/registry.npmjs.org/preact@10.26.7/node_modules/preact/hooks/dist/hooks.module.js","kind":"import-statement","original":"preact/hooks"},{"path":"utils/tree_state.ts","kind":"import-statement","original":"$utils/tree_state.ts"},{"path":"components/icons/ExpandDownArrow.tsx","kind":"import-statement","original":"../icons/ExpandDownArrow.tsx"},{"path":"components/icons/ExpandRightArrow.tsx","kind":"import-statement","original":"../icons/ExpandRightArrow.tsx"},{"path":"../../Library/Caches/deno/deno_esbuild/registry.npmjs.org/preact@10.26.7/node_modules/preact/jsx-runtime/dist/jsxRuntime.module.js","kind":"import-statement","original":"preact/jsx-runtime"}],"format":"esm"},"components/tree_view/Checkbox.tsx":{"bytes":936,"imports":[{"path":"../../Library/Caches/deno/deno_esbuild/registry.npmjs.org/preact@10.26.7/node_modules/preact/hooks/dist/hooks.module.js","kind":"import-statement","original":"preact/hooks"},{"path":"utils/tree_state.ts","kind":"import-statement","original":"$utils/tree_state.ts"},{"path":"../../Library/Caches/deno/deno_esbuild/registry.npmjs.org/preact@10.26.7/node_modules/preact/jsx-runtime/dist/jsxRuntime.module.js","kind":"import-statement","original":"preact/jsx-runtime"}],"format":"esm"},"components/tree_view/TreeNodeLabel.tsx":{"bytes":652,"imports":[{"path":"preact","kind":"import-statement","external":true},{"path":"components/tree_view/Checkbox.tsx","kind":"import-statement","original":"./Checkbox.tsx"},{"path":"../../Library/Caches/deno/deno_esbuild/registry.npmjs.org/preact@10.26.7/node_modules/preact/jsx-runtime/dist/jsxRuntime.module.js","kind":"import-statement","original":"preact/jsx-runtime"}],"format":"esm"},"components/tree_view/TreeNode.tsx":{"bytes":886,"imports":[{"path":"preact","kind":"import-statement","external":true},{"path":"components/tree_view/Toggle.tsx","kind":"import-statement","original":"./Toggle.tsx"},{"path":"components/tree_view/TreeNodeLabel.tsx","kind":"import-statement","original":"./TreeNodeLabel.tsx"},{"path":"../../Library/Caches/deno/deno_esbuild/registry.npmjs.org/preact@10.26.7/node_modules/preact/jsx-runtime/dist/jsxRuntime.module.js","kind":"import-statement","original":"preact/jsx-runtime"}],"format":"esm"},"components/KvKeyPart.tsx":{"bytes":1228,"imports":[{"path":"@deno/kv-utils/json","kind":"import-statement","external":true},{"path":"@preact/signals","kind":"import-statement","external":true},{"path":"../../Library/Caches/deno/deno_esbuild/registry.npmjs.org/preact@10.26.7/node_modules/preact/jsx-runtime/dist/jsxRuntime.module.js","kind":"import-statement","original":"preact/jsx-runtime"}],"format":"esm"},"components/TreeView.tsx":{"bytes":833,"imports":[{"path":"../../Library/Caches/deno/deno_esbuild/registry.npmjs.org/preact@10.26.7/node_modules/preact/hooks/dist/hooks.module.js","kind":"import-statement","original":"preact/hooks"},{"path":"utils/tree_state.ts","kind":"import-statement","original":"$utils/tree_state.ts"},{"path":"components/tree_view/TreeNode.tsx","kind":"import-statement","original":"./tree_view/TreeNode.tsx"},{"path":"components/KvKeyPart.tsx","kind":"import-statement","original":"./KvKeyPart.tsx"},{"path":"../../Library/Caches/deno/deno_esbuild/registry.npmjs.org/preact@10.26.7/node_modules/preact/jsx-runtime/dist/jsxRuntime.module.js","kind":"import-statement","original":"preact/jsx-runtime"}],"format":"esm"},"https://jsr.io/@std/encoding/1.0.10/_common64.ts":{"bytes":4447,"imports":[],"format":"esm"},"https://jsr.io/@std/encoding/1.0.10/_common_detach.ts":{"bytes":625,"imports":[],"format":"esm"},"https://jsr.io/@std/encoding/1.0.10/base64url.ts":{"bytes":2487,"imports":[{"path":"https://jsr.io/@std/encoding/1.0.10/_common64.ts","kind":"import-statement","original":"./_common64.ts"},{"path":"https://jsr.io/@std/encoding/1.0.10/_common_detach.ts","kind":"import-statement","original":"./_common_detach.ts"}],"format":"esm"},"https://jsr.io/@deno/kv-utils/0.1.3/json.ts":{"bytes":53081,"imports":[{"path":"https://jsr.io/@std/encoding/1.0.10/base64url.ts","kind":"import-statement","original":"jsr:/@std/encoding@^1.0.5/base64url"}],"format":"esm"},"https://jsr.io/@std/assert/1.0.13/equal.ts":{"bytes":5949,"imports":[],"format":"esm"},"https://jsr.io/@std/assert/1.0.13/assertion_error.ts":{"bytes":821,"imports":[],"format":"esm"},"https://jsr.io/@std/assert/1.0.13/assert.ts":{"bytes":659,"imports":[{"path":"https://jsr.io/@std/assert/1.0.13/assertion_error.ts","kind":"import-statement","original":"./assertion_error.ts"}],"format":"esm"},"https://jsr.io/@std/crypto/1.0.5/timing_safe_equal.ts":{"bytes":1889,"imports":[],"format":"esm"},"https://jsr.io/@kitsonk/kv-toolbox/0.28.1/blob_util.ts":{"bytes":11957,"imports":[{"path":"https://jsr.io/@kitsonk/kv-toolbox/0.28.1/keys.ts","kind":"import-statement","original":"./keys.ts"}],"format":"esm"},"https://jsr.io/@kitsonk/kv-toolbox/0.28.1/keys.ts":{"bytes":19249,"imports":[{"path":"https://jsr.io/@std/crypto/1.0.5/timing_safe_equal.ts","kind":"import-statement","original":"jsr:/@std/crypto@~1/timing-safe-equal"},{"path":"https://jsr.io/@kitsonk/kv-toolbox/0.28.1/blob_util.ts","kind":"import-statement","original":"./blob_util.ts"}],"format":"esm"},"https://jsr.io/@kitsonk/kv-toolbox/0.28.1/query.ts":{"bytes":34098,"imports":[{"path":"https://jsr.io/@deno/kv-utils/0.1.3/json.ts","kind":"import-statement","original":"jsr:/@deno/kv-utils@^0.1.3/json"},{"path":"https://jsr.io/@std/assert/1.0.13/equal.ts","kind":"import-statement","original":"jsr:/@std/assert@~1/equal"},{"path":"https://jsr.io/@std/assert/1.0.13/assert.ts","kind":"import-statement","original":"jsr:/@std/assert@~1/assert"},{"path":"https://jsr.io/@kitsonk/kv-toolbox/0.28.1/keys.ts","kind":"import-statement","original":"./keys.ts"}],"format":"esm"},"https://jsr.io/@std/path/1.0.9/_os.ts":{"bytes":433,"imports":[],"format":"esm"},"https://jsr.io/@std/path/1.0.9/_common/assert_path.ts":{"bytes":288,"imports":[],"format":"esm"},"https://jsr.io/@std/path/1.0.9/_common/normalize.ts":{"bytes":242,"imports":[{"path":"https://jsr.io/@std/path/1.0.9/_common/assert_path.ts","kind":"import-statement","original":"./assert_path.ts"}],"format":"esm"},"https://jsr.io/@std/path/1.0.9/_common/constants.ts":{"bytes":1999,"imports":[],"format":"esm"},"https://jsr.io/@std/path/1.0.9/_common/normalize_string.ts":{"bytes":2280,"imports":[{"path":"https://jsr.io/@std/path/1.0.9/_common/constants.ts","kind":"import-statement","original":"./constants.ts"}],"format":"esm"},"https://jsr.io/@std/path/1.0.9/posix/_util.ts":{"bytes":370,"imports":[{"path":"https://jsr.io/@std/path/1.0.9/_common/constants.ts","kind":"import-statement","original":"../_common/constants.ts"}],"format":"esm"},"https://jsr.io/@std/path/1.0.9/posix/normalize.ts":{"bytes":2081,"imports":[{"path":"https://jsr.io/@std/path/1.0.9/_common/normalize.ts","kind":"import-statement","original":"../_common/normalize.ts"},{"path":"https://jsr.io/@std/path/1.0.9/_common/normalize_string.ts","kind":"import-statement","original":"../_common/normalize_string.ts"},{"path":"https://jsr.io/@std/path/1.0.9/posix/_util.ts","kind":"import-statement","original":"./_util.ts"}],"format":"esm"},"https://jsr.io/@std/path/1.0.9/posix/join.ts":{"bytes":1384,"imports":[{"path":"https://jsr.io/@std/path/1.0.9/_common/assert_path.ts","kind":"import-statement","original":"../_common/assert_path.ts"},{"path":"https://jsr.io/@std/path/1.0.9/posix/normalize.ts","kind":"import-statement","original":"./normalize.ts"}],"format":"esm"},"https://jsr.io/@std/path/1.0.9/windows/_util.ts":{"bytes":807,"imports":[{"path":"https://jsr.io/@std/path/1.0.9/_common/constants.ts","kind":"import-statement","original":"../_common/constants.ts"}],"format":"esm"},"https://jsr.io/@std/path/1.0.9/windows/normalize.ts":{"bytes":4045,"imports":[{"path":"https://jsr.io/@std/path/1.0.9/_common/normalize.ts","kind":"import-statement","original":"../_common/normalize.ts"},{"path":"https://jsr.io/@std/path/1.0.9/_common/constants.ts","kind":"import-statement","original":"../_common/constants.ts"},{"path":"https://jsr.io/@std/path/1.0.9/_common/normalize_string.ts","kind":"import-statement","original":"../_common/normalize_string.ts"},{"path":"https://jsr.io/@std/path/1.0.9/windows/_util.ts","kind":"import-statement","original":"./_util.ts"}],"format":"esm"},"https://jsr.io/@std/path/1.0.9/windows/join.ts":{"bytes":2568,"imports":[{"path":"https://jsr.io/@std/path/1.0.9/_common/assert_path.ts","kind":"import-statement","original":"../_common/assert_path.ts"},{"path":"https://jsr.io/@std/path/1.0.9/windows/_util.ts","kind":"import-statement","original":"./_util.ts"},{"path":"https://jsr.io/@std/path/1.0.9/windows/normalize.ts","kind":"import-statement","original":"./normalize.ts"}],"format":"esm"},"https://jsr.io/@std/path/1.0.9/join.ts":{"bytes":1017,"imports":[{"path":"https://jsr.io/@std/path/1.0.9/_os.ts","kind":"import-statement","original":"./_os.ts"},{"path":"https://jsr.io/@std/path/1.0.9/posix/join.ts","kind":"import-statement","original":"./posix/join.ts"},{"path":"https://jsr.io/@std/path/1.0.9/windows/join.ts","kind":"import-statement","original":"./windows/join.ts"}],"format":"esm"},"(disabled):../../Library/Caches/deno/deno_esbuild/registry.npmjs.org/object-inspect@1.13.4/node_modules/object-inspect/util.inspect":{"bytes":0,"imports":[]},"../../Library/Caches/deno/deno_esbuild/registry.npmjs.org/object-inspect@1.13.4/node_modules/object-inspect/index.js":{"bytes":19059,"imports":[{"path":"(disabled):../../Library/Caches/deno/deno_esbuild/registry.npmjs.org/object-inspect@1.13.4/node_modules/object-inspect/util.inspect","kind":"require-call","original":"./util.inspect"}],"format":"cjs"},"utils/kv.ts":{"bytes":7779,"imports":[{"path":"@kitsonk/kv-toolbox","kind":"import-statement","external":true},{"path":"https://jsr.io/@kitsonk/kv-toolbox/0.28.1/query.ts","kind":"import-statement","original":"@kitsonk/kv-toolbox/query"},{"path":"https://jsr.io/@deno/kv-utils/0.1.3/json.ts","kind":"import-statement","original":"@deno/kv-utils/json"},{"path":"https://jsr.io/@std/encoding/1.0.10/base64url.ts","kind":"import-statement","original":"@std/encoding/base64url"},{"path":"https://jsr.io/@std/path/1.0.9/join.ts","kind":"import-statement","original":"@std/path/join"},{"path":"../../Library/Caches/deno/deno_esbuild/registry.npmjs.org/object-inspect@1.13.4/node_modules/object-inspect/index.js","kind":"import-statement","original":"object-inspect"}],"format":"esm"},"islands/KeyTree.tsx":{"bytes":1527,"imports":[{"path":"../../Library/Caches/deno/deno_esbuild/registry.npmjs.org/@preact/signals@2.0.5_preact@10.26.7/node_modules/@preact/signals/dist/signals.module.js","kind":"import-statement","original":"@preact/signals"},{"path":"components/Loader.tsx","kind":"import-statement","original":"$components/Loader.tsx"},{"path":"components/TreeView.tsx","kind":"import-statement","original":"$components/TreeView.tsx"},{"path":"@deno/kv-utils/json","kind":"import-statement","external":true},{"path":"utils/kv.ts","kind":"import-statement","original":"$utils/kv.ts"},{"path":"utils/tree_state.ts","kind":"import-statement","original":"$utils/tree_state.ts"},{"path":"../../Library/Caches/deno/deno_esbuild/registry.npmjs.org/preact@10.26.7/node_modules/preact/jsx-runtime/dist/jsxRuntime.module.js","kind":"import-statement","original":"preact/jsx-runtime"}],"format":"esm"},"components/AddButton.tsx":{"bytes":570,"imports":[{"path":"preact","kind":"import-statement","external":true},{"path":"../../Library/Caches/deno/deno_esbuild/registry.npmjs.org/preact@10.26.7/node_modules/preact/jsx-runtime/dist/jsxRuntime.module.js","kind":"import-statement","original":"preact/jsx-runtime"}],"format":"esm"},"https://jsr.io/@std/bytes/1.0.6/concat.ts":{"bytes":994,"imports":[],"format":"esm"},"https://jsr.io/@std/media-types/1.1.0/_util.ts":{"bytes":3253,"imports":[],"format":"esm"},"https://jsr.io/@std/media-types/1.1.0/parse_media_type.ts":{"bytes":3730,"imports":[{"path":"https://jsr.io/@std/media-types/1.1.0/_util.ts","kind":"import-statement","original":"./_util.ts"}],"format":"esm"},"https://jsr.io/@std/media-types/1.1.0/vendor/db.ts":{"bytes":201923,"imports":[],"format":"esm"},"https://jsr.io/@std/media-types/1.1.0/_db.ts":{"bytes":1375,"imports":[{"path":"https://jsr.io/@std/media-types/1.1.0/vendor/db.ts","kind":"import-statement","original":"./vendor/db.ts"}],"format":"esm"},"https://jsr.io/@std/media-types/1.1.0/all_extensions.ts":{"bytes":1158,"imports":[{"path":"https://jsr.io/@std/media-types/1.1.0/parse_media_type.ts","kind":"import-statement","original":"./parse_media_type.ts"},{"path":"https://jsr.io/@std/media-types/1.1.0/_db.ts","kind":"import-statement","original":"./_db.ts"}],"format":"esm"},"https://jsr.io/@std/media-types/1.1.0/extension.ts":{"bytes":972,"imports":[{"path":"https://jsr.io/@std/media-types/1.1.0/all_extensions.ts","kind":"import-statement","original":"./all_extensions.ts"}],"format":"esm"},"https://jsr.io/@deno/kv-utils/0.1.3/estimate_size.ts":{"bytes":5892,"imports":[],"format":"esm"},"https://jsr.io/@kitsonk/kv-toolbox/0.28.1/batched_atomic.ts":{"bytes":14281,"imports":[{"path":"https://jsr.io/@deno/kv-utils/0.1.3/estimate_size.ts","kind":"import-statement","original":"jsr:/@deno/kv-utils@^0.1.3/estimate-size"},{"path":"https://jsr.io/@kitsonk/kv-toolbox/0.28.1/blob_util.ts","kind":"import-statement","original":"./blob_util.ts"},{"path":"https://jsr.io/@kitsonk/kv-toolbox/0.28.1/keys.ts","kind":"import-statement","original":"./keys.ts"}],"format":"esm"},"https://jsr.io/@kitsonk/kv-toolbox/0.28.1/blob.ts":{"bytes":32705,"imports":[{"path":"https://jsr.io/@std/bytes/1.0.6/concat.ts","kind":"import-statement","original":"jsr:/@std/bytes@~1/concat"},{"path":"https://jsr.io/@std/encoding/1.0.10/base64url.ts","kind":"import-statement","original":"jsr:/@std/encoding@~1/base64url"},{"path":"https://jsr.io/@std/media-types/1.1.0/extension.ts","kind":"import-statement","original":"jsr:/@std/media-types@~1/extension"},{"path":"https://jsr.io/@kitsonk/kv-toolbox/0.28.1/batched_atomic.ts","kind":"import-statement","original":"./batched_atomic.ts"},{"path":"https://jsr.io/@kitsonk/kv-toolbox/0.28.1/blob_util.ts","kind":"import-statement","original":"./blob_util.ts"},{"path":"https://jsr.io/@kitsonk/kv-toolbox/0.28.1/keys.ts","kind":"import-statement","original":"./keys.ts"},{"path":"https://jsr.io/@kitsonk/kv-toolbox/0.28.1/blob_util.ts","kind":"import-statement","original":"./blob_util.ts"}],"format":"esm"},"utils/formData.ts":{"bytes":3361,"imports":[{"path":"https://jsr.io/@kitsonk/kv-toolbox/0.28.1/blob.ts","kind":"import-statement","original":"@kitsonk/kv-toolbox/blob"},{"path":"https://jsr.io/@deno/kv-utils/0.1.3/json.ts","kind":"import-statement","original":"@deno/kv-utils/json"},{"path":"https://jsr.io/@std/assert/1.0.13/assert.ts","kind":"import-statement","original":"@std/assert/assert"},{"path":"https://jsr.io/@std/encoding/1.0.10/base64url.ts","kind":"import-statement","original":"@std/encoding/base64url"}],"format":"esm"},"utils/remoteStores.ts":{"bytes":2106,"imports":[{"path":"https://jsr.io/@std/encoding/1.0.10/base64url.ts","kind":"import-statement","original":"@std/encoding/base64url"}],"format":"esm"},"utils/watches.ts":{"bytes":2395,"imports":[{"path":"https://jsr.io/@kitsonk/kv-toolbox/0.28.1/keys.ts","kind":"import-statement","original":"@kitsonk/kv-toolbox/keys"},{"path":"https://jsr.io/@deno/kv-utils/0.1.3/json.ts","kind":"import-statement","original":"@deno/kv-utils/json"}],"format":"esm"},"utils/state.ts":{"bytes":1637,"imports":[{"path":"@deno/kv-utils/json","kind":"import-statement","external":true},{"path":"preact","kind":"import-statement","external":true},{"path":"../../Library/Caches/deno/deno_esbuild/registry.npmjs.org/@preact/signals@2.0.5_preact@10.26.7/node_modules/@preact/signals/dist/signals.module.js","kind":"import-statement","original":"@preact/signals"},{"path":"./kv.ts","kind":"import-statement","external":true},{"path":"utils/remoteStores.ts","kind":"import-statement","original":"./remoteStores.ts"},{"path":"utils/watches.ts","kind":"import-statement","original":"./watches.ts"}],"format":"esm"},"components/Alert.tsx":{"bytes":1510,"imports":[{"path":"https://deno.land/x/fresh@1.7.3/runtime.ts","kind":"import-statement","original":"$fresh/runtime.ts"},{"path":"preact","kind":"import-statement","external":true},{"path":"@preact/signals","kind":"import-statement","external":true},{"path":"../../Library/Caches/deno/deno_esbuild/registry.npmjs.org/preact@10.26.7/node_modules/preact/jsx-runtime/dist/jsxRuntime.module.js","kind":"import-statement","original":"preact/jsx-runtime"}],"format":"esm"},"components/CloseButton.tsx":{"bytes":763,"imports":[{"path":"https://deno.land/x/fresh@1.7.3/runtime.ts","kind":"import-statement","original":"$fresh/runtime.ts"},{"path":"preact","kind":"import-statement","external":true},{"path":"../../Library/Caches/deno/deno_esbuild/registry.npmjs.org/preact@10.26.7/node_modules/preact/jsx-runtime/dist/jsxRuntime.module.js","kind":"import-statement","original":"preact/jsx-runtime"}],"format":"esm"},"utils/signals.ts":{"bytes":615,"imports":[{"path":"preact","kind":"import-statement","external":true},{"path":"../../Library/Caches/deno/deno_esbuild/registry.npmjs.org/@preact/signals@2.0.5_preact@10.26.7/node_modules/@preact/signals/dist/signals.module.js","kind":"import-statement","original":"@preact/signals"}],"format":"esm"},"components/Dialog.tsx":{"bytes":911,"imports":[{"path":"preact","kind":"import-statement","external":true},{"path":"../../Library/Caches/deno/deno_esbuild/registry.npmjs.org/@preact/signals@2.0.5_preact@10.26.7/node_modules/@preact/signals/dist/signals.module.js","kind":"import-statement","original":"@preact/signals"},{"path":"../../Library/Caches/deno/deno_esbuild/registry.npmjs.org/preact@10.26.7/node_modules/preact/hooks/dist/hooks.module.js","kind":"import-statement","original":"preact/hooks"},{"path":"utils/signals.ts","kind":"import-statement","original":"$utils/signals.ts"},{"path":"../../Library/Caches/deno/deno_esbuild/registry.npmjs.org/preact@10.26.7/node_modules/preact/jsx-runtime/dist/jsxRuntime.module.js","kind":"import-statement","original":"preact/jsx-runtime"}],"format":"esm"},"components/Label.tsx":{"bytes":307,"imports":[{"path":"preact","kind":"import-statement","external":true},{"path":"../../Library/Caches/deno/deno_esbuild/registry.npmjs.org/preact@10.26.7/node_modules/preact/jsx-runtime/dist/jsxRuntime.module.js","kind":"import-statement","original":"preact/jsx-runtime"}],"format":"esm"},"components/icons/Home.tsx":{"bytes":346,"imports":[{"path":"https://deno.land/x/fresh@1.7.3/runtime.ts","kind":"import-statement","original":"$fresh/runtime.ts"},{"path":"../../Library/Caches/deno/deno_esbuild/registry.npmjs.org/preact@10.26.7/node_modules/preact/jsx-runtime/dist/jsxRuntime.module.js","kind":"import-statement","original":"preact/jsx-runtime"}],"format":"esm"},"components/KvKey.tsx":{"bytes":1810,"imports":[{"path":"@deno/kv-utils/json","kind":"import-statement","external":true},{"path":"preact","kind":"import-statement","external":true},{"path":"@preact/signals","kind":"import-statement","external":true},{"path":"components/icons/Home.tsx","kind":"import-statement","original":"./icons/Home.tsx"},{"path":"components/KvKeyPart.tsx","kind":"import-statement","original":"./KvKeyPart.tsx"},{"path":"../../Library/Caches/deno/deno_esbuild/registry.npmjs.org/preact@10.26.7/node_modules/preact/jsx-runtime/dist/jsxRuntime.module.js","kind":"import-statement","original":"preact/jsx-runtime"}],"format":"esm"},"components/KvKeyPartEditor.tsx":{"bytes":3416,"imports":[{"path":"../../Library/Caches/deno/deno_esbuild/registry.npmjs.org/@preact/signals@2.0.5_preact@10.26.7/node_modules/@preact/signals/dist/signals.module.js","kind":"import-statement","original":"@preact/signals"},{"path":"components/Label.tsx","kind":"import-statement","original":"./Label.tsx"},{"path":"../../Library/Caches/deno/deno_esbuild/registry.npmjs.org/preact@10.26.7/node_modules/preact/jsx-runtime/dist/jsxRuntime.module.js","kind":"import-statement","original":"preact/jsx-runtime"}],"format":"esm"},"components/Editor.tsx":{"bytes":11476,"imports":[{"path":"preact","kind":"import-statement","external":true},{"path":"../../Library/Caches/deno/deno_esbuild/registry.npmjs.org/preact@10.26.7/node_modules/preact/hooks/dist/hooks.module.js","kind":"import-statement","original":"preact/hooks"},{"path":"../../Library/Caches/deno/deno_esbuild/registry.npmjs.org/@preact/signals@2.0.5_preact@10.26.7/node_modules/@preact/signals/dist/signals.module.js","kind":"import-statement","original":"@preact/signals"},{"path":"../../Library/Caches/deno/deno_esbuild/registry.npmjs.org/preact@10.26.7/node_modules/preact/hooks/dist/hooks.module.js","kind":"import-statement","original":"preact/hooks"},{"path":"utils/signals.ts","kind":"import-statement","original":"$utils/signals.ts"},{"path":"../../Library/Caches/deno/deno_esbuild/registry.npmjs.org/preact@10.26.7/node_modules/preact/jsx-runtime/dist/jsxRuntime.module.js","kind":"import-statement","original":"preact/jsx-runtime"}],"format":"esm"},"https://jsr.io/@std/html/1.0.4/entities.ts":{"bytes":3395,"imports":[],"format":"esm"},"utils/highlight.ts":{"bytes":991,"imports":[{"path":"https://jsr.io/@std/html/1.0.4/entities.ts","kind":"import-statement","original":"@std/html/entities"},{"path":"utils/kv.ts","kind":"import-statement","original":"./kv.ts"}],"format":"esm"},"components/EditorJson.tsx":{"bytes":280,"imports":[{"path":"components/Editor.tsx","kind":"import-statement","original":"./Editor.tsx"},{"path":"utils/highlight.ts","kind":"import-statement","original":"$utils/highlight.ts"},{"path":"../../Library/Caches/deno/deno_esbuild/registry.npmjs.org/preact@10.26.7/node_modules/preact/jsx-runtime/dist/jsxRuntime.module.js","kind":"import-statement","original":"preact/jsx-runtime"}],"format":"esm"},"components/KvValueEditor.tsx":{"bytes":11770,"imports":[{"path":"@kitsonk/kv-toolbox/blob","kind":"import-statement","external":true},{"path":"https://jsr.io/@deno/kv-utils/0.1.3/json.ts","kind":"import-statement","original":"@deno/kv-utils/json"},{"path":"../../Library/Caches/deno/deno_esbuild/registry.npmjs.org/@preact/signals@2.0.5_preact@10.26.7/node_modules/@preact/signals/dist/signals.module.js","kind":"import-statement","original":"@preact/signals"},{"path":"utils/kv.ts","kind":"import-statement","original":"$utils/kv.ts"},{"path":"components/EditorJson.tsx","kind":"import-statement","original":"./EditorJson.tsx"},{"path":"../../Library/Caches/deno/deno_esbuild/registry.npmjs.org/preact@10.26.7/node_modules/preact/jsx-runtime/dist/jsxRuntime.module.js","kind":"import-statement","original":"preact/jsx-runtime"}],"format":"esm"},"components/DialogAddEntry.tsx":{"bytes":6437,"imports":[{"path":"@deno/kv-utils/json","kind":"import-statement","external":true},{"path":"preact","kind":"import-statement","external":true},{"path":"../../Library/Caches/deno/deno_esbuild/registry.npmjs.org/@preact/signals@2.0.5_preact@10.26.7/node_modules/@preact/signals/dist/signals.module.js","kind":"import-statement","original":"@preact/signals"},{"path":"../../Library/Caches/deno/deno_esbuild/registry.npmjs.org/preact@10.26.7/node_modules/preact/hooks/dist/hooks.module.js","kind":"import-statement","original":"preact/hooks"},{"path":"https://jsr.io/@std/assert/1.0.13/assert.ts","kind":"import-statement","original":"@std/assert/assert"},{"path":"utils/formData.ts","kind":"import-statement","original":"$utils/formData.ts"},{"path":"utils/kv.ts","kind":"import-statement","original":"$utils/kv.ts"},{"path":"utils/state.ts","kind":"import-statement","original":"$utils/state.ts"},{"path":"components/AddButton.tsx","kind":"import-statement","original":"./AddButton.tsx"},{"path":"components/Alert.tsx","kind":"import-statement","original":"./Alert.tsx"},{"path":"components/CloseButton.tsx","kind":"import-statement","original":"./CloseButton.tsx"},{"path":"components/Dialog.tsx","kind":"import-statement","original":"./Dialog.tsx"},{"path":"components/Label.tsx","kind":"import-statement","original":"./Label.tsx"},{"path":"components/KvKey.tsx","kind":"import-statement","original":"./KvKey.tsx"},{"path":"components/KvKeyPartEditor.tsx","kind":"import-statement","original":"./KvKeyPartEditor.tsx"},{"path":"components/KvValueEditor.tsx","kind":"import-statement","original":"./KvValueEditor.tsx"},{"path":"../../Library/Caches/deno/deno_esbuild/registry.npmjs.org/preact@10.26.7/node_modules/preact/jsx-runtime/dist/jsxRuntime.module.js","kind":"import-statement","original":"preact/jsx-runtime"}],"format":"esm"},"components/DialogDeleteEntries.tsx":{"bytes":4704,"imports":[{"path":"@deno/kv-utils/json","kind":"import-statement","external":true},{"path":"preact","kind":"import-statement","external":true},{"path":"../../Library/Caches/deno/deno_esbuild/registry.npmjs.org/preact@10.26.7/node_modules/preact/hooks/dist/hooks.module.js","kind":"import-statement","original":"preact/hooks"},{"path":"../../Library/Caches/deno/deno_esbuild/registry.npmjs.org/@preact/signals@2.0.5_preact@10.26.7/node_modules/@preact/signals/dist/signals.module.js","kind":"import-statement","original":"@preact/signals"},{"path":"utils/kv.ts","kind":"import-statement","original":"$utils/kv.ts"},{"path":"utils/state.ts","kind":"import-statement","original":"$utils/state.ts"},{"path":"utils/tree_state.ts","kind":"import-statement","original":"$utils/tree_state.ts"},{"path":"components/Alert.tsx","kind":"import-statement","original":"./Alert.tsx"},{"path":"components/CloseButton.tsx","kind":"import-statement","original":"./CloseButton.tsx"},{"path":"components/Dialog.tsx","kind":"import-statement","original":"./Dialog.tsx"},{"path":"components/Loader.tsx","kind":"import-statement","original":"./Loader.tsx"},{"path":"components/TreeView.tsx","kind":"import-statement","original":"./TreeView.tsx"},{"path":"../../Library/Caches/deno/deno_esbuild/registry.npmjs.org/preact@10.26.7/node_modules/preact/jsx-runtime/dist/jsxRuntime.module.js","kind":"import-statement","original":"preact/jsx-runtime"}],"format":"esm"},"components/DialogExport.tsx":{"bytes":2680,"imports":[{"path":"@deno/kv-utils/json","kind":"import-statement","external":true},{"path":"../../Library/Caches/deno/deno_esbuild/registry.npmjs.org/@preact/signals@2.0.5_preact@10.26.7/node_modules/@preact/signals/dist/signals.module.js","kind":"import-statement","original":"@preact/signals"},{"path":"utils/kv.ts","kind":"import-statement","original":"$utils/kv.ts"},{"path":"components/CloseButton.tsx","kind":"import-statement","original":"./CloseButton.tsx"},{"path":"components/Dialog.tsx","kind":"import-statement","original":"./Dialog.tsx"},{"path":"components/KvKey.tsx","kind":"import-statement","original":"./KvKey.tsx"},{"path":"../../Library/Caches/deno/deno_esbuild/registry.npmjs.org/preact@10.26.7/node_modules/preact/jsx-runtime/dist/jsxRuntime.module.js","kind":"import-statement","original":"preact/jsx-runtime"}],"format":"esm"},"components/DialogImport.tsx":{"bytes":6092,"imports":[{"path":"@deno/kv-utils/json","kind":"import-statement","external":true},{"path":"preact","kind":"import-statement","external":true},{"path":"../../Library/Caches/deno/deno_esbuild/registry.npmjs.org/@preact/signals@2.0.5_preact@10.26.7/node_modules/@preact/signals/dist/signals.module.js","kind":"import-statement","original":"@preact/signals"},{"path":"utils/kv.ts","kind":"import-statement","original":"$utils/kv.ts"},{"path":"utils/state.ts","kind":"import-statement","original":"$utils/state.ts"},{"path":"components/Alert.tsx","kind":"import-statement","original":"./Alert.tsx"},{"path":"components/CloseButton.tsx","kind":"import-statement","original":"./CloseButton.tsx"},{"path":"components/Dialog.tsx","kind":"import-statement","original":"./Dialog.tsx"},{"path":"../../Library/Caches/deno/deno_esbuild/registry.npmjs.org/preact@10.26.7/node_modules/preact/hooks/dist/hooks.module.js","kind":"import-statement","original":"preact/hooks"},{"path":"https://jsr.io/@std/assert/1.0.13/assert.ts","kind":"import-statement","original":"@std/assert/assert"},{"path":"../../Library/Caches/deno/deno_esbuild/registry.npmjs.org/preact@10.26.7/node_modules/preact/jsx-runtime/dist/jsxRuntime.module.js","kind":"import-statement","original":"preact/jsx-runtime"}],"format":"esm"},"components/KvSimpleValueEditor.tsx":{"bytes":7372,"imports":[{"path":"../../Library/Caches/deno/deno_esbuild/registry.npmjs.org/preact@10.26.7/node_modules/preact/jsx-runtime/dist/jsxRuntime.module.js","kind":"import-statement","original":"preact/jsx-runtime"}],"format":"esm"},"components/icons/Plus.tsx":{"bytes":346,"imports":[{"path":"https://deno.land/x/fresh@1.7.3/runtime.ts","kind":"import-statement","original":"$fresh/runtime.ts"},{"path":"../../Library/Caches/deno/deno_esbuild/registry.npmjs.org/preact@10.26.7/node_modules/preact/jsx-runtime/dist/jsxRuntime.module.js","kind":"import-statement","original":"preact/jsx-runtime"}],"format":"esm"},"components/icons/Trashcan.tsx":{"bytes":354,"imports":[{"path":"https://deno.land/x/fresh@1.7.3/runtime.ts","kind":"import-statement","original":"$fresh/runtime.ts"},{"path":"../../Library/Caches/deno/deno_esbuild/registry.npmjs.org/preact@10.26.7/node_modules/preact/jsx-runtime/dist/jsxRuntime.module.js","kind":"import-statement","original":"preact/jsx-runtime"}],"format":"esm"},"components/QueryFilter.tsx":{"bytes":14409,"imports":[{"path":"https://jsr.io/@deno/kv-utils/0.1.3/json.ts","kind":"import-statement","original":"@deno/kv-utils/json"},{"path":"../../Library/Caches/deno/deno_esbuild/registry.npmjs.org/@preact/signals@2.0.5_preact@10.26.7/node_modules/@preact/signals/dist/signals.module.js","kind":"import-statement","original":"@preact/signals"},{"path":"https://jsr.io/@std/assert/1.0.13/assert.ts","kind":"import-statement","original":"@std/assert/assert"},{"path":"utils/formData.ts","kind":"import-statement","original":"$utils/formData.ts"},{"path":"utils/kv.ts","kind":"import-statement","original":"$utils/kv.ts"},{"path":"components/KvSimpleValueEditor.tsx","kind":"import-statement","original":"./KvSimpleValueEditor.tsx"},{"path":"components/icons/Plus.tsx","kind":"import-statement","original":"./icons/Plus.tsx"},{"path":"components/icons/Trashcan.tsx","kind":"import-statement","original":"./icons/Trashcan.tsx"},{"path":"../../Library/Caches/deno/deno_esbuild/registry.npmjs.org/preact@10.26.7/node_modules/preact/jsx-runtime/dist/jsxRuntime.module.js","kind":"import-statement","original":"preact/jsx-runtime"}],"format":"esm"},"components/DialogQuery.tsx":{"bytes":4340,"imports":[{"path":"../../Library/Caches/deno/deno_esbuild/registry.npmjs.org/preact@10.26.7/node_modules/preact/hooks/dist/hooks.module.js","kind":"import-statement","original":"preact/hooks"},{"path":"../../Library/Caches/deno/deno_esbuild/registry.npmjs.org/@preact/signals@2.0.5_preact@10.26.7/node_modules/@preact/signals/dist/signals.module.js","kind":"import-statement","original":"@preact/signals"},{"path":"utils/state.ts","kind":"import-statement","original":"$utils/state.ts"},{"path":"components/CloseButton.tsx","kind":"import-statement","original":"./CloseButton.tsx"},{"path":"components/Dialog.tsx","kind":"import-statement","original":"./Dialog.tsx"},{"path":"components/QueryFilter.tsx","kind":"import-statement","original":"./QueryFilter.tsx"},{"path":"components/icons/Plus.tsx","kind":"import-statement","original":"./icons/Plus.tsx"},{"path":"../../Library/Caches/deno/deno_esbuild/registry.npmjs.org/preact@10.26.7/node_modules/preact/jsx-runtime/dist/jsxRuntime.module.js","kind":"import-statement","original":"preact/jsx-runtime"}],"format":"esm"},"components/icons/Expand.tsx":{"bytes":336,"imports":[{"path":"https://deno.land/x/fresh@1.7.3/runtime.ts","kind":"import-statement","original":"$fresh/runtime.ts"},{"path":"../../Library/Caches/deno/deno_esbuild/registry.npmjs.org/preact@10.26.7/node_modules/preact/jsx-runtime/dist/jsxRuntime.module.js","kind":"import-statement","original":"preact/jsx-runtime"}],"format":"esm"},"components/icons/RightArrow.tsx":{"bytes":359,"imports":[{"path":"https://deno.land/x/fresh@1.7.3/runtime.ts","kind":"import-statement","original":"$fresh/runtime.ts"},{"path":"../../Library/Caches/deno/deno_esbuild/registry.npmjs.org/preact@10.26.7/node_modules/preact/jsx-runtime/dist/jsxRuntime.module.js","kind":"import-statement","original":"preact/jsx-runtime"}],"format":"esm"},"components/KvKeyList.tsx":{"bytes":2023,"imports":[{"path":"@deno/kv-utils/json","kind":"import-statement","external":true},{"path":"@preact/signals","kind":"import-statement","external":true},{"path":"components/KvKeyPart.tsx","kind":"import-statement","original":"./KvKeyPart.tsx"},{"path":"components/icons/Expand.tsx","kind":"import-statement","original":"./icons/Expand.tsx"},{"path":"components/icons/RightArrow.tsx","kind":"import-statement","original":"./icons/RightArrow.tsx"},{"path":"../../Library/Caches/deno/deno_esbuild/registry.npmjs.org/preact@10.26.7/node_modules/preact/jsx-runtime/dist/jsxRuntime.module.js","kind":"import-statement","original":"preact/jsx-runtime"}],"format":"esm"},"components/DialogDeleteEntry.tsx":{"bytes":4334,"imports":[{"path":"https://deno.land/x/fresh@1.7.3/runtime.ts","kind":"import-statement","original":"$fresh/runtime.ts"},{"path":"@kitsonk/kv-toolbox/blob","kind":"import-statement","external":true},{"path":"@deno/kv-utils/json","kind":"import-statement","external":true},{"path":"@preact/signals","kind":"import-statement","external":true},{"path":"utils/kv.ts","kind":"import-statement","original":"$utils/kv.ts"},{"path":"https://jsr.io/@std/assert/1.0.13/assert.ts","kind":"import-statement","original":"@std/assert/assert"},{"path":"utils/state.ts","kind":"import-statement","original":"$utils/state.ts"},{"path":"components/Dialog.tsx","kind":"import-statement","original":"./Dialog.tsx"},{"path":"components/KvKey.tsx","kind":"import-statement","original":"./KvKey.tsx"},{"path":"../../Library/Caches/deno/deno_esbuild/registry.npmjs.org/preact@10.26.7/node_modules/preact/jsx-runtime/dist/jsxRuntime.module.js","kind":"import-statement","original":"preact/jsx-runtime"}],"format":"esm"},"components/DialogEditValue.tsx":{"bytes":7551,"imports":[{"path":"@kitsonk/kv-toolbox/blob","kind":"import-statement","external":true},{"path":"@deno/kv-utils/json","kind":"import-statement","external":true},{"path":"preact","kind":"import-statement","external":true},{"path":"../../Library/Caches/deno/deno_esbuild/registry.npmjs.org/@preact/signals@2.0.5_preact@10.26.7/node_modules/@preact/signals/dist/signals.module.js","kind":"import-statement","original":"@preact/signals"},{"path":"../../Library/Caches/deno/deno_esbuild/registry.npmjs.org/preact@10.26.7/node_modules/preact/hooks/dist/hooks.module.js","kind":"import-statement","original":"preact/hooks"},{"path":"https://jsr.io/@std/assert/1.0.13/assert.ts","kind":"import-statement","original":"@std/assert/assert"},{"path":"utils/formData.ts","kind":"import-statement","original":"$utils/formData.ts"},{"path":"utils/kv.ts","kind":"import-statement","original":"$utils/kv.ts"},{"path":"utils/state.ts","kind":"import-statement","original":"$utils/state.ts"},{"path":"components/Alert.tsx","kind":"import-statement","original":"./Alert.tsx"},{"path":"components/CloseButton.tsx","kind":"import-statement","original":"./CloseButton.tsx"},{"path":"components/Dialog.tsx","kind":"import-statement","original":"./Dialog.tsx"},{"path":"components/KvKey.tsx","kind":"import-statement","original":"./KvKey.tsx"},{"path":"components/KvValueEditor.tsx","kind":"import-statement","original":"./KvValueEditor.tsx"},{"path":"../../Library/Caches/deno/deno_esbuild/registry.npmjs.org/preact@10.26.7/node_modules/preact/jsx-runtime/dist/jsxRuntime.module.js","kind":"import-statement","original":"preact/jsx-runtime"}],"format":"esm"},"https://jsr.io/@std/media-types/1.1.0/type_by_extension.ts":{"bytes":1182,"imports":[{"path":"https://jsr.io/@std/media-types/1.1.0/_db.ts","kind":"import-statement","original":"./_db.ts"}],"format":"esm"},"https://jsr.io/@oak/commons/1.0.1/media_types.ts":{"bytes":6515,"imports":[{"path":"https://jsr.io/@std/media-types/1.1.0/type_by_extension.ts","kind":"import-statement","original":"jsr:@std/media-types@^1.0/type-by-extension"}],"format":"esm"},"https://jsr.io/@std/fmt/1.0.8/bytes.ts":{"bytes":5630,"imports":[],"format":"esm"},"components/icons/ArrowUpRight.tsx":{"bytes":364,"imports":[{"path":"https://deno.land/x/fresh@1.7.3/runtime.ts","kind":"import-statement","original":"$fresh/runtime.ts"},{"path":"../../Library/Caches/deno/deno_esbuild/registry.npmjs.org/preact@10.26.7/node_modules/preact/jsx-runtime/dist/jsxRuntime.module.js","kind":"import-statement","original":"preact/jsx-runtime"}],"format":"esm"},"components/icons/Download.tsx":{"bytes":362,"imports":[{"path":"https://deno.land/x/fresh@1.7.3/runtime.ts","kind":"import-statement","original":"$fresh/runtime.ts"},{"path":"../../Library/Caches/deno/deno_esbuild/registry.npmjs.org/preact@10.26.7/node_modules/preact/jsx-runtime/dist/jsxRuntime.module.js","kind":"import-statement","original":"preact/jsx-runtime"}],"format":"esm"},"components/BlobViewer.tsx":{"bytes":6193,"imports":[{"path":"@kitsonk/kv-toolbox/blob","kind":"import-statement","external":true},{"path":"@deno/kv-utils/json","kind":"import-statement","external":true},{"path":"https://jsr.io/@oak/commons/1.0.1/media_types.ts","kind":"import-statement","original":"@oak/commons/media_types"},{"path":"https://jsr.io/@std/fmt/1.0.8/bytes.ts","kind":"import-statement","original":"@std/fmt/bytes"},{"path":"utils/kv.ts","kind":"import-statement","original":"$utils/kv.ts"},{"path":"components/icons/ArrowUpRight.tsx","kind":"import-statement","original":"./icons/ArrowUpRight.tsx"},{"path":"components/icons/Download.tsx","kind":"import-statement","original":"./icons/Download.tsx"},{"path":"../../Library/Caches/deno/deno_esbuild/registry.npmjs.org/preact@10.26.7/node_modules/preact/jsx-runtime/dist/jsxRuntime.module.js","kind":"import-statement","original":"preact/jsx-runtime"}],"format":"esm"},"components/HexViewer.tsx":{"bytes":4994,"imports":[{"path":"../../Library/Caches/deno/deno_esbuild/registry.npmjs.org/@preact/signals@2.0.5_preact@10.26.7/node_modules/@preact/signals/dist/signals.module.js","kind":"import-statement","original":"@preact/signals"},{"path":"https://jsr.io/@std/encoding/1.0.10/base64url.ts","kind":"import-statement","original":"@std/encoding/base64url"},{"path":"../../Library/Caches/deno/deno_esbuild/registry.npmjs.org/preact@10.26.7/node_modules/preact/jsx-runtime/dist/jsxRuntime.module.js","kind":"import-statement","original":"preact/jsx-runtime"}],"format":"esm"},"https://deno.land/std@0.216.0/fmt/colors.ts":{"bytes":12971,"imports":[],"format":"esm"},"components/KvValue.tsx":{"bytes":7160,"imports":[{"path":"preact","kind":"import-statement","external":true},{"path":"@kitsonk/kv-toolbox/blob","kind":"import-statement","external":true},{"path":"https://jsr.io/@deno/kv-utils/0.1.3/json.ts","kind":"import-statement","original":"@deno/kv-utils/json"},{"path":"utils/highlight.ts","kind":"import-statement","original":"$utils/highlight.ts"},{"path":"components/BlobViewer.tsx","kind":"import-statement","original":"./BlobViewer.tsx"},{"path":"components/HexViewer.tsx","kind":"import-statement","original":"./HexViewer.tsx"},{"path":"https://deno.land/std@0.216.0/fmt/colors.ts","kind":"import-statement","original":"https://deno.land/std@0.216.0/fmt/colors.ts"},{"path":"../../Library/Caches/deno/deno_esbuild/registry.npmjs.org/preact@10.26.7/node_modules/preact/jsx-runtime/dist/jsxRuntime.module.js","kind":"import-statement","original":"preact/jsx-runtime"}],"format":"esm"},"components/icons/Observe.tsx":{"bytes":352,"imports":[{"path":"https://deno.land/x/fresh@1.7.3/runtime.ts","kind":"import-statement","original":"$fresh/runtime.ts"},{"path":"../../Library/Caches/deno/deno_esbuild/registry.npmjs.org/preact@10.26.7/node_modules/preact/jsx-runtime/dist/jsxRuntime.module.js","kind":"import-statement","original":"preact/jsx-runtime"}],"format":"esm"},"components/KvEntry.tsx":{"bytes":5679,"imports":[{"path":"@kitsonk/kv-toolbox/blob","kind":"import-statement","external":true},{"path":"@deno/kv-utils/json","kind":"import-statement","external":true},{"path":"../../Library/Caches/deno/deno_esbuild/registry.npmjs.org/@preact/signals@2.0.5_preact@10.26.7/node_modules/@preact/signals/dist/signals.module.js","kind":"import-statement","original":"@preact/signals"},{"path":"utils/kv.ts","kind":"import-statement","original":"$utils/kv.ts"},{"path":"utils/state.ts","kind":"import-statement","original":"$utils/state.ts"},{"path":"components/DialogAddEntry.tsx","kind":"import-statement","original":"./DialogAddEntry.tsx"},{"path":"components/DialogDeleteEntry.tsx","kind":"import-statement","original":"./DialogDeleteEntry.tsx"},{"path":"components/DialogEditValue.tsx","kind":"import-statement","original":"./DialogEditValue.tsx"},{"path":"components/KvKey.tsx","kind":"import-statement","original":"./KvKey.tsx"},{"path":"components/KvValue.tsx","kind":"import-statement","original":"./KvValue.tsx"},{"path":"components/icons/Observe.tsx","kind":"import-statement","original":"./icons/Observe.tsx"},{"path":"../../Library/Caches/deno/deno_esbuild/registry.npmjs.org/preact@10.26.7/node_modules/preact/jsx-runtime/dist/jsxRuntime.module.js","kind":"import-statement","original":"preact/jsx-runtime"}],"format":"esm"},"components/Toast.tsx":{"bytes":2697,"imports":[{"path":"https://deno.land/x/fresh@1.7.3/runtime.ts","kind":"import-statement","original":"$fresh/runtime.ts"},{"path":"utils/state.ts","kind":"import-statement","original":"$utils/state.ts"},{"path":"../../Library/Caches/deno/deno_esbuild/registry.npmjs.org/preact@10.26.7/node_modules/preact/jsx-runtime/dist/jsxRuntime.module.js","kind":"import-statement","original":"preact/jsx-runtime"}],"format":"esm"},"components/Toaster.tsx":{"bytes":315,"imports":[{"path":"components/Toast.tsx","kind":"import-statement","original":"$components/Toast.tsx"},{"path":"utils/state.ts","kind":"import-statement","original":"$utils/state.ts"},{"path":"../../Library/Caches/deno/deno_esbuild/registry.npmjs.org/preact@10.26.7/node_modules/preact/jsx-runtime/dist/jsxRuntime.module.js","kind":"import-statement","original":"preact/jsx-runtime"}],"format":"esm"},"components/icons/Filter.tsx":{"bytes":350,"imports":[{"path":"https://deno.land/x/fresh@1.7.3/runtime.ts","kind":"import-statement","original":"$fresh/runtime.ts"},{"path":"../../Library/Caches/deno/deno_esbuild/registry.npmjs.org/preact@10.26.7/node_modules/preact/jsx-runtime/dist/jsxRuntime.module.js","kind":"import-statement","original":"preact/jsx-runtime"}],"format":"esm"},"islands/KvExplorer.tsx":{"bytes":8451,"imports":[{"path":"components/AddButton.tsx","kind":"import-statement","original":"$components/AddButton.tsx"},{"path":"components/DialogAddEntry.tsx","kind":"import-statement","original":"$components/DialogAddEntry.tsx"},{"path":"components/DialogDeleteEntries.tsx","kind":"import-statement","original":"$components/DialogDeleteEntries.tsx"},{"path":"components/DialogExport.tsx","kind":"import-statement","original":"$components/DialogExport.tsx"},{"path":"components/DialogImport.tsx","kind":"import-statement","original":"$components/DialogImport.tsx"},{"path":"components/DialogQuery.tsx","kind":"import-statement","original":"$components/DialogQuery.tsx"},{"path":"components/KvKey.tsx","kind":"import-statement","original":"$components/KvKey.tsx"},{"path":"components/KvKeyList.tsx","kind":"import-statement","original":"$components/KvKeyList.tsx"},{"path":"components/KvEntry.tsx","kind":"import-statement","original":"$components/KvEntry.tsx"},{"path":"components/Loader.tsx","kind":"import-statement","original":"$components/Loader.tsx"},{"path":"components/Toaster.tsx","kind":"import-statement","original":"$components/Toaster.tsx"},{"path":"components/icons/Filter.tsx","kind":"import-statement","original":"$components/icons/Filter.tsx"},{"path":"../../Library/Caches/deno/deno_esbuild/registry.npmjs.org/@preact/signals@2.0.5_preact@10.26.7/node_modules/@preact/signals/dist/signals.module.js","kind":"import-statement","original":"@preact/signals"},{"path":"https://jsr.io/@std/encoding/1.0.10/base64url.ts","kind":"import-statement","original":"@std/encoding/base64url"},{"path":"$utils/dash.ts","kind":"import-statement","external":true},{"path":"utils/kv.ts","kind":"import-statement","original":"$utils/kv.ts"},{"path":"utils/state.ts","kind":"import-statement","original":"$utils/state.ts"},{"path":"../../Library/Caches/deno/deno_esbuild/registry.npmjs.org/preact@10.26.7/node_modules/preact/jsx-runtime/dist/jsxRuntime.module.js","kind":"import-statement","original":"preact/jsx-runtime"}],"format":"esm"},"components/DialogAddUpdateLocal.tsx":{"bytes":4619,"imports":[{"path":"preact","kind":"import-statement","external":true},{"path":"../../Library/Caches/deno/deno_esbuild/registry.npmjs.org/preact@10.26.7/node_modules/preact/hooks/dist/hooks.module.js","kind":"import-statement","original":"preact/hooks"},{"path":"../../Library/Caches/deno/deno_esbuild/registry.npmjs.org/@preact/signals@2.0.5_preact@10.26.7/node_modules/@preact/signals/dist/signals.module.js","kind":"import-statement","original":"@preact/signals"},{"path":"https://jsr.io/@std/assert/1.0.13/assert.ts","kind":"import-statement","original":"@std/assert/assert"},{"path":"https://jsr.io/@std/encoding/1.0.10/base64url.ts","kind":"import-statement","original":"@std/encoding/base64url"},{"path":"$utils/kv.ts","kind":"import-statement","external":true},{"path":"components/AddButton.tsx","kind":"import-statement","original":"./AddButton.tsx"},{"path":"components/Alert.tsx","kind":"import-statement","original":"./Alert.tsx"},{"path":"components/CloseButton.tsx","kind":"import-statement","original":"./CloseButton.tsx"},{"path":"components/Dialog.tsx","kind":"import-statement","original":"./Dialog.tsx"},{"path":"components/Label.tsx","kind":"import-statement","original":"./Label.tsx"},{"path":"../../Library/Caches/deno/deno_esbuild/registry.npmjs.org/preact@10.26.7/node_modules/preact/jsx-runtime/dist/jsxRuntime.module.js","kind":"import-statement","original":"preact/jsx-runtime"}],"format":"esm"},"components/DialogDeleteLocal.tsx":{"bytes":3460,"imports":[{"path":"https://deno.land/x/fresh@1.7.3/runtime.ts","kind":"import-statement","original":"$fresh/runtime.ts"},{"path":"@preact/signals","kind":"import-statement","external":true},{"path":"$utils/kv.ts","kind":"import-statement","external":true},{"path":"utils/state.ts","kind":"import-statement","original":"$utils/state.ts"},{"path":"components/Dialog.tsx","kind":"import-statement","original":"./Dialog.tsx"},{"path":"../../Library/Caches/deno/deno_esbuild/registry.npmjs.org/preact@10.26.7/node_modules/preact/jsx-runtime/dist/jsxRuntime.module.js","kind":"import-statement","original":"preact/jsx-runtime"}],"format":"esm"},"islands/LocalControls.tsx":{"bytes":1542,"imports":[{"path":"components/DialogAddUpdateLocal.tsx","kind":"import-statement","original":"../components/DialogAddUpdateLocal.tsx"},{"path":"components/DialogDeleteLocal.tsx","kind":"import-statement","original":"$components/DialogDeleteLocal.tsx"},{"path":"../../Library/Caches/deno/deno_esbuild/registry.npmjs.org/@preact/signals@2.0.5_preact@10.26.7/node_modules/@preact/signals/dist/signals.module.js","kind":"import-statement","original":"@preact/signals"},{"path":"$utils/kv.ts","kind":"import-statement","external":true},{"path":"../../Library/Caches/deno/deno_esbuild/registry.npmjs.org/preact@10.26.7/node_modules/preact/jsx-runtime/dist/jsxRuntime.module.js","kind":"import-statement","original":"preact/jsx-runtime"}],"format":"esm"},"components/EditLabel.tsx":{"bytes":2110,"imports":[{"path":"../../Library/Caches/deno/deno_esbuild/registry.npmjs.org/@preact/signals@2.0.5_preact@10.26.7/node_modules/@preact/signals/dist/signals.module.js","kind":"import-statement","original":"@preact/signals"},{"path":"../../Library/Caches/deno/deno_esbuild/registry.npmjs.org/preact@10.26.7/node_modules/preact/hooks/dist/hooks.module.js","kind":"import-statement","original":"preact/hooks"},{"path":"../../Library/Caches/deno/deno_esbuild/registry.npmjs.org/preact@10.26.7/node_modules/preact/jsx-runtime/dist/jsxRuntime.module.js","kind":"import-statement","original":"preact/jsx-runtime"}],"format":"esm"},"components/icons/KV.tsx":{"bytes":345,"imports":[{"path":"https://deno.land/x/fresh@1.7.3/runtime.ts","kind":"import-statement","original":"$fresh/runtime.ts"},{"path":"../../Library/Caches/deno/deno_esbuild/registry.npmjs.org/preact@10.26.7/node_modules/preact/jsx-runtime/dist/jsxRuntime.module.js","kind":"import-statement","original":"preact/jsx-runtime"}],"format":"esm"},"components/LocalKv.tsx":{"bytes":1859,"imports":[{"path":"../../Library/Caches/deno/deno_esbuild/registry.npmjs.org/@preact/signals@2.0.5_preact@10.26.7/node_modules/@preact/signals/dist/signals.module.js","kind":"import-statement","original":"@preact/signals"},{"path":"https://jsr.io/@std/encoding/1.0.10/base64url.ts","kind":"import-statement","original":"@std/encoding/base64url"},{"path":"https://jsr.io/@std/fmt/1.0.8/bytes.ts","kind":"import-statement","original":"@std/fmt/bytes"},{"path":"$utils/kv.ts","kind":"import-statement","external":true},{"path":"components/EditLabel.tsx","kind":"import-statement","original":"./EditLabel.tsx"},{"path":"components/icons/KV.tsx","kind":"import-statement","original":"./icons/KV.tsx"},{"path":"../../Library/Caches/deno/deno_esbuild/registry.npmjs.org/preact@10.26.7/node_modules/preact/jsx-runtime/dist/jsxRuntime.module.js","kind":"import-statement","original":"preact/jsx-runtime"}],"format":"esm"},"islands/LocalKvList.tsx":{"bytes":1026,"imports":[{"path":"components/AddButton.tsx","kind":"import-statement","original":"$components/AddButton.tsx"},{"path":"components/DialogAddUpdateLocal.tsx","kind":"import-statement","original":"../components/DialogAddUpdateLocal.tsx"},{"path":"components/LocalKv.tsx","kind":"import-statement","original":"$components/LocalKv.tsx"},{"path":"../../Library/Caches/deno/deno_esbuild/registry.npmjs.org/@preact/signals@2.0.5_preact@10.26.7/node_modules/@preact/signals/dist/signals.module.js","kind":"import-statement","original":"@preact/signals"},{"path":"$utils/kv.ts","kind":"import-statement","external":true},{"path":"../../Library/Caches/deno/deno_esbuild/registry.npmjs.org/preact@10.26.7/node_modules/preact/jsx-runtime/dist/jsxRuntime.module.js","kind":"import-statement","original":"preact/jsx-runtime"}],"format":"esm"},"components/DialogAddUpdateRemote.tsx":{"bytes":10143,"imports":[{"path":"preact","kind":"import-statement","external":true},{"path":"../../Library/Caches/deno/deno_esbuild/registry.npmjs.org/preact@10.26.7/node_modules/preact/hooks/dist/hooks.module.js","kind":"import-statement","original":"preact/hooks"},{"path":"../../Library/Caches/deno/deno_esbuild/registry.npmjs.org/@preact/signals@2.0.5_preact@10.26.7/node_modules/@preact/signals/dist/signals.module.js","kind":"import-statement","original":"@preact/signals"},{"path":"https://jsr.io/@std/assert/1.0.13/assert.ts","kind":"import-statement","original":"@std/assert/assert"},{"path":"https://jsr.io/@std/encoding/1.0.10/base64url.ts","kind":"import-statement","original":"@std/encoding/base64url"},{"path":"$utils/remoteStores.ts","kind":"import-statement","external":true},{"path":"utils/state.ts","kind":"import-statement","original":"$utils/state.ts"},{"path":"components/AddButton.tsx","kind":"import-statement","original":"./AddButton.tsx"},{"path":"components/Alert.tsx","kind":"import-statement","original":"./Alert.tsx"},{"path":"components/CloseButton.tsx","kind":"import-statement","original":"./CloseButton.tsx"},{"path":"components/Dialog.tsx","kind":"import-statement","original":"./Dialog.tsx"},{"path":"components/Label.tsx","kind":"import-statement","original":"./Label.tsx"},{"path":"../../Library/Caches/deno/deno_esbuild/registry.npmjs.org/preact@10.26.7/node_modules/preact/jsx-runtime/dist/jsxRuntime.module.js","kind":"import-statement","original":"preact/jsx-runtime"}],"format":"esm"},"components/DialogDeleteRemote.tsx":{"bytes":3520,"imports":[{"path":"https://deno.land/x/fresh@1.7.3/runtime.ts","kind":"import-statement","original":"$fresh/runtime.ts"},{"path":"@preact/signals","kind":"import-statement","external":true},{"path":"$utils/remoteStores.ts","kind":"import-statement","external":true},{"path":"utils/state.ts","kind":"import-statement","original":"$utils/state.ts"},{"path":"components/Dialog.tsx","kind":"import-statement","original":"./Dialog.tsx"},{"path":"../../Library/Caches/deno/deno_esbuild/registry.npmjs.org/preact@10.26.7/node_modules/preact/jsx-runtime/dist/jsxRuntime.module.js","kind":"import-statement","original":"preact/jsx-runtime"}],"format":"esm"},"islands/RemoteControls.tsx":{"bytes":1463,"imports":[{"path":"components/DialogAddUpdateRemote.tsx","kind":"import-statement","original":"$components/DialogAddUpdateRemote.tsx"},{"path":"components/DialogDeleteRemote.tsx","kind":"import-statement","original":"$components/DialogDeleteRemote.tsx"},{"path":"components/Toaster.tsx","kind":"import-statement","original":"$components/Toaster.tsx"},{"path":"../../Library/Caches/deno/deno_esbuild/registry.npmjs.org/@preact/signals@2.0.5_preact@10.26.7/node_modules/@preact/signals/dist/signals.module.js","kind":"import-statement","original":"@preact/signals"},{"path":"$utils/remoteStores.ts","kind":"import-statement","external":true},{"path":"../../Library/Caches/deno/deno_esbuild/registry.npmjs.org/preact@10.26.7/node_modules/preact/jsx-runtime/dist/jsxRuntime.module.js","kind":"import-statement","original":"preact/jsx-runtime"}],"format":"esm"},"components/icons/Remote.tsx":{"bytes":350,"imports":[{"path":"https://deno.land/x/fresh@1.7.3/runtime.ts","kind":"import-statement","original":"$fresh/runtime.ts"},{"path":"../../Library/Caches/deno/deno_esbuild/registry.npmjs.org/preact@10.26.7/node_modules/preact/jsx-runtime/dist/jsxRuntime.module.js","kind":"import-statement","original":"preact/jsx-runtime"}],"format":"esm"},"components/RemoteKv.tsx":{"bytes":853,"imports":[{"path":"https://jsr.io/@std/encoding/1.0.10/base64url.ts","kind":"import-statement","original":"@std/encoding/base64url"},{"path":"$utils/remoteStores.ts","kind":"import-statement","external":true},{"path":"components/icons/Remote.tsx","kind":"import-statement","original":"./icons/Remote.tsx"},{"path":"../../Library/Caches/deno/deno_esbuild/registry.npmjs.org/preact@10.26.7/node_modules/preact/jsx-runtime/dist/jsxRuntime.module.js","kind":"import-statement","original":"preact/jsx-runtime"}],"format":"esm"},"islands/RemoteKvList.tsx":{"bytes":1746,"imports":[{"path":"components/AddButton.tsx","kind":"import-statement","original":"$components/AddButton.tsx"},{"path":"components/DialogAddUpdateRemote.tsx","kind":"import-statement","original":"$components/DialogAddUpdateRemote.tsx"},{"path":"components/RemoteKv.tsx","kind":"import-statement","original":"$components/RemoteKv.tsx"},{"path":"components/Toaster.tsx","kind":"import-statement","original":"$components/Toaster.tsx"},{"path":"../../Library/Caches/deno/deno_esbuild/registry.npmjs.org/@preact/signals@2.0.5_preact@10.26.7/node_modules/@preact/signals/dist/signals.module.js","kind":"import-statement","original":"@preact/signals"},{"path":"$utils/remoteStores.ts","kind":"import-statement","external":true},{"path":"../../Library/Caches/deno/deno_esbuild/registry.npmjs.org/preact@10.26.7/node_modules/preact/jsx-runtime/dist/jsxRuntime.module.js","kind":"import-statement","original":"preact/jsx-runtime"}],"format":"esm"},"components/WatchedStore.tsx":{"bytes":2011,"imports":[{"path":"@deno/kv-utils/json","kind":"import-statement","external":true},{"path":"@preact/signals","kind":"import-statement","external":true},{"path":"utils/kv.ts","kind":"import-statement","original":"$utils/kv.ts"},{"path":"components/KvKey.tsx","kind":"import-statement","original":"./KvKey.tsx"},{"path":"components/KvValue.tsx","kind":"import-statement","original":"./KvValue.tsx"},{"path":"components/icons/Trashcan.tsx","kind":"import-statement","original":"./icons/Trashcan.tsx"},{"path":"../../Library/Caches/deno/deno_esbuild/registry.npmjs.org/preact@10.26.7/node_modules/preact/jsx-runtime/dist/jsxRuntime.module.js","kind":"import-statement","original":"preact/jsx-runtime"}],"format":"esm"},"islands/Watches.tsx":{"bytes":3092,"imports":[{"path":"components/Toaster.tsx","kind":"import-statement","original":"$components/Toaster.tsx"},{"path":"components/WatchedStore.tsx","kind":"import-statement","original":"$components/WatchedStore.tsx"},{"path":"https://deno.land/x/fresh@1.7.3/runtime.ts","kind":"import-statement","original":"$fresh/runtime.ts"},{"path":"https://jsr.io/@deno/kv-utils/0.1.3/json.ts","kind":"import-statement","original":"@deno/kv-utils/json"},{"path":"https://jsr.io/@kitsonk/kv-toolbox/0.28.1/keys.ts","kind":"import-statement","original":"@kitsonk/kv-toolbox/keys"},{"path":"../../Library/Caches/deno/deno_esbuild/registry.npmjs.org/@preact/signals@2.0.5_preact@10.26.7/node_modules/@preact/signals/dist/signals.module.js","kind":"import-statement","original":"@preact/signals"},{"path":"utils/state.ts","kind":"import-statement","original":"$utils/state.ts"},{"path":"../../Library/Caches/deno/deno_esbuild/registry.npmjs.org/preact@10.26.7/node_modules/preact/jsx-runtime/dist/jsxRuntime.module.js","kind":"import-statement","original":"preact/jsx-runtime"}],"format":"esm"}},"outputs":{"island-remotekvlist.js":{"imports":[{"path":"chunk-M2D3ZEMH.js","kind":"import-statement"},{"path":"chunk-5CFJMRKP.js","kind":"import-statement"},{"path":"chunk-GGM2I3UO.js","kind":"import-statement"},{"path":"chunk-J3XWRTOX.js","kind":"import-statement"},{"path":"chunk-OB2FJWFS.js","kind":"import-statement"},{"path":"chunk-TJ55WERY.js","kind":"import-statement"},{"path":"chunk-HQ6JOK2O.js","kind":"import-statement"},{"path":"chunk-A24ONYSU.js","kind":"import-statement"},{"path":"chunk-4C7GSA6N.js","kind":"import-statement"},{"path":"chunk-JG7V63GM.js","kind":"import-statement"}],"exports":["default"],"entryPoint":"islands/RemoteKvList.tsx","inputs":{"components/icons/Remote.tsx":{"bytesInOutput":187},"components/RemoteKv.tsx":{"bytesInOutput":452},"islands/RemoteKvList.tsx":{"bytesInOutput":797}},"bytes":1829},"island-watches.js":{"imports":[{"path":"chunk-MLACIHNB.js","kind":"import-statement"},{"path":"chunk-4TG7HONN.js","kind":"import-statement"},{"path":"chunk-6QOSJNPS.js","kind":"import-statement"},{"path":"chunk-5CFJMRKP.js","kind":"import-statement"},{"path":"chunk-GGM2I3UO.js","kind":"import-statement"},{"path":"chunk-J3XWRTOX.js","kind":"import-statement"},{"path":"chunk-TJ55WERY.js","kind":"import-statement"},{"path":"chunk-HQ6JOK2O.js","kind":"import-statement"},{"path":"chunk-A24ONYSU.js","kind":"import-statement"},{"path":"chunk-4C7GSA6N.js","kind":"import-statement"},{"path":"chunk-JG7V63GM.js","kind":"import-statement"}],"exports":["default"],"entryPoint":"islands/Watches.tsx","inputs":{"components/WatchedStore.tsx":{"bytesInOutput":1008},"islands/Watches.tsx":{"bytesInOutput":1233}},"bytes":2702},"main.js":{"imports":[{"path":"chunk-HQ6JOK2O.js","kind":"import-statement"},{"path":"chunk-4C7GSA6N.js","kind":"import-statement"},{"path":"chunk-JG7V63GM.js","kind":"import-statement"}],"exports":["applyPartials","revive"],"entryPoint":"https://deno.land/x/fresh@1.7.3/src/runtime/entrypoints/main.ts","inputs":{"https://deno.land/x/fresh@1.7.3/src/runtime/polyfills.ts":{"bytesInOutput":50},"https://deno.land/x/fresh@1.7.3/src/constants.ts":{"bytesInOutput":121},"https://deno.land/x/fresh@1.7.3/src/runtime/active_url.ts":{"bytesInOutput":383},"https://deno.land/x/fresh@1.7.3/src/runtime/entrypoints/main.ts":{"bytesInOutput":9755}},"bytes":10501},"deserializer.js":{"imports":[{"path":"chunk-JG7V63GM.js","kind":"import-statement"}],"exports":["deserialize"],"entryPoint":"https://deno.land/x/fresh@1.7.3/src/runtime/entrypoints/deserializer.ts","inputs":{"https://deno.land/x/fresh@1.7.3/src/runtime/deserializer.ts":{"bytesInOutput":753},"https://deno.land/x/fresh@1.7.3/src/runtime/entrypoints/deserializer.ts":{"bytesInOutput":0}},"bytes":807},"signals.js":{"imports":[{"path":"chunk-A24ONYSU.js","kind":"import-statement"},{"path":"chunk-4C7GSA6N.js","kind":"import-statement"},{"path":"chunk-JG7V63GM.js","kind":"import-statement"}],"exports":["signal"],"entryPoint":"https://deno.land/x/fresh@1.7.3/src/runtime/entrypoints/signals.ts","inputs":{"https://deno.land/x/fresh@1.7.3/src/runtime/entrypoints/signals.ts":{"bytesInOutput":0}},"bytes":117},"island-keytree.js":{"imports":[{"path":"chunk-GAMVUERE.js","kind":"import-statement"},{"path":"chunk-4TG7HONN.js","kind":"import-statement"},{"path":"chunk-J3XWRTOX.js","kind":"import-statement"},{"path":"chunk-TJ55WERY.js","kind":"import-statement"},{"path":"chunk-HQ6JOK2O.js","kind":"import-statement"},{"path":"chunk-A24ONYSU.js","kind":"import-statement"},{"path":"chunk-4C7GSA6N.js","kind":"import-statement"},{"path":"chunk-JG7V63GM.js","kind":"import-statement"}],"exports":["default"],"entryPoint":"islands/KeyTree.tsx","inputs":{"islands/KeyTree.tsx":{"bytesInOutput":584}},"bytes":913},"island-kvexplorer.js":{"imports":[{"path":"chunk-MLACIHNB.js","kind":"import-statement"},{"path":"chunk-GAMVUERE.js","kind":"import-statement"},{"path":"chunk-4TG7HONN.js","kind":"import-statement"},{"path":"chunk-6QOSJNPS.js","kind":"import-statement"},{"path":"chunk-5CFJMRKP.js","kind":"import-statement"},{"path":"chunk-GGM2I3UO.js","kind":"import-statement"},{"path":"chunk-J3XWRTOX.js","kind":"import-statement"},{"path":"chunk-OB2FJWFS.js","kind":"import-statement"},{"path":"chunk-TJ55WERY.js","kind":"import-statement"},{"path":"chunk-HQ6JOK2O.js","kind":"import-statement"},{"path":"chunk-A24ONYSU.js","kind":"import-statement"},{"path":"chunk-4C7GSA6N.js","kind":"import-statement"},{"path":"chunk-JG7V63GM.js","kind":"import-statement"}],"exports":["default"],"entryPoint":"islands/KvExplorer.tsx","inputs":{"https://jsr.io/@deno/kv-utils/0.1.3/estimate_size.ts":{"bytesInOutput":77},"https://jsr.io/@kitsonk/kv-toolbox/0.28.1/blob.ts":{"bytesInOutput":446},"utils/formData.ts":{"bytesInOutput":1593},"components/KvKeyPartEditor.tsx":{"bytesInOutput":2608},"components/Editor.tsx":{"bytesInOutput":4233},"components/EditorJson.tsx":{"bytesInOutput":48},"components/KvValueEditor.tsx":{"bytesInOutput":8294},"components/DialogAddEntry.tsx":{"bytesInOutput":3120},"components/DialogDeleteEntries.tsx":{"bytesInOutput":2319},"components/DialogExport.tsx":{"bytesInOutput":1792},"components/DialogImport.tsx":{"bytesInOutput":3448},"components/KvSimpleValueEditor.tsx":{"bytesInOutput":5391},"components/icons/Plus.tsx":{"bytesInOutput":186},"components/QueryFilter.tsx":{"bytesInOutput":7375},"components/DialogQuery.tsx":{"bytesInOutput":2225},"components/icons/Expand.tsx":{"bytesInOutput":188},"components/icons/RightArrow.tsx":{"bytesInOutput":193},"components/KvKeyList.tsx":{"bytesInOutput":896},"components/DialogDeleteEntry.tsx":{"bytesInOutput":2453},"components/DialogEditValue.tsx":{"bytesInOutput":3658},"components/icons/Observe.tsx":{"bytesInOutput":189},"components/KvEntry.tsx":{"bytesInOutput":2727},"components/icons/Filter.tsx":{"bytesInOutput":188},"islands/KvExplorer.tsx":{"bytesInOutput":3754}},"bytes":58123},"chunk-MLACIHNB.js":{"imports":[{"path":"chunk-4TG7HONN.js","kind":"import-statement"},{"path":"chunk-6QOSJNPS.js","kind":"import-statement"},{"path":"chunk-J3XWRTOX.js","kind":"import-statement"},{"path":"chunk-TJ55WERY.js","kind":"import-statement"},{"path":"chunk-HQ6JOK2O.js","kind":"import-statement"},{"path":"chunk-A24ONYSU.js","kind":"import-statement"},{"path":"chunk-4C7GSA6N.js","kind":"import-statement"}],"exports":["a","b","c","d"],"inputs":{"components/icons/Home.tsx":{"bytesInOutput":185},"components/KvKey.tsx":{"bytesInOutput":655},"components/icons/Trashcan.tsx":{"bytesInOutput":189},"https://jsr.io/@std/html/1.0.4/entities.ts":{"bytesInOutput":313},"utils/highlight.ts":{"bytesInOutput":496},"https://jsr.io/@std/media-types/1.1.0/vendor/db.ts":{"bytesInOutput":145969},"https://jsr.io/@std/media-types/1.1.0/_db.ts":{"bytesInOutput":357},"https://jsr.io/@std/media-types/1.1.0/type_by_extension.ts":{"bytesInOutput":77},"https://jsr.io/@oak/commons/1.0.1/media_types.ts":{"bytesInOutput":1500},"components/icons/ArrowUpRight.tsx":{"bytesInOutput":195},"components/icons/Download.tsx":{"bytesInOutput":189},"components/BlobViewer.tsx":{"bytesInOutput":3080},"components/HexViewer.tsx":{"bytesInOutput":2396},"https://deno.land/std@0.216.0/fmt/colors.ts":{"bytesInOutput":555},"components/KvValue.tsx":{"bytesInOutput":3556}},"bytes":160047},"chunk-GAMVUERE.js":{"imports":[{"path":"chunk-4TG7HONN.js","kind":"import-statement"},{"path":"chunk-TJ55WERY.js","kind":"import-statement"},{"path":"chunk-HQ6JOK2O.js","kind":"import-statement"},{"path":"chunk-A24ONYSU.js","kind":"import-statement"},{"path":"chunk-4C7GSA6N.js","kind":"import-statement"}],"exports":["a","b","c","d","e","f"],"inputs":{"components/Loader.tsx":{"bytesInOutput":386},"utils/tree_state.ts":{"bytesInOutput":1265},"components/icons/ExpandDownArrow.tsx":{"bytesInOutput":208},"components/icons/ExpandRightArrow.tsx":{"bytesInOutput":204},"components/tree_view/Toggle.tsx":{"bytesInOutput":211},"components/tree_view/Checkbox.tsx":{"bytesInOutput":345},"components/tree_view/TreeNodeLabel.tsx":{"bytesInOutput":221},"components/tree_view/TreeNode.tsx":{"bytesInOutput":271},"components/TreeView.tsx":{"bytesInOutput":304}},"bytes":3695},"chunk-4TG7HONN.js":{"imports":[{"path":"chunk-TJ55WERY.js","kind":"import-statement"},{"path":"chunk-JG7V63GM.js","kind":"import-statement"}],"exports":["a","b","c","d","e"],"inputs":{"(disabled):../../Library/Caches/deno/deno_esbuild/registry.npmjs.org/object-inspect@1.13.4/node_modules/object-inspect/util.inspect":{"bytesInOutput":18},"../../Library/Caches/deno/deno_esbuild/registry.npmjs.org/object-inspect@1.13.4/node_modules/object-inspect/index.js":{"bytesInOutput":9111},"https://jsr.io/@std/assert/1.0.13/equal.ts":{"bytesInOutput":297},"https://jsr.io/@kitsonk/kv-toolbox/0.28.1/query.ts":{"bytesInOutput":62},"https://jsr.io/@std/path/1.0.9/_os.ts":{"bytesInOutput":149},"utils/kv.ts":{"bytesInOutput":1504},"components/KvKeyPart.tsx":{"bytesInOutput":527}},"bytes":11806},"island-localcontrols.js":{"imports":[{"path":"chunk-CI56ZKA7.js","kind":"import-statement"},{"path":"chunk-GGM2I3UO.js","kind":"import-statement"},{"path":"chunk-J3XWRTOX.js","kind":"import-statement"},{"path":"chunk-OB2FJWFS.js","kind":"import-statement"},{"path":"chunk-TJ55WERY.js","kind":"import-statement"},{"path":"chunk-HQ6JOK2O.js","kind":"import-statement"},{"path":"chunk-A24ONYSU.js","kind":"import-statement"},{"path":"chunk-4C7GSA6N.js","kind":"import-statement"},{"path":"chunk-JG7V63GM.js","kind":"import-statement"}],"exports":["default"],"entryPoint":"islands/LocalControls.tsx","inputs":{"components/DialogDeleteLocal.tsx":{"bytesInOutput":2345},"islands/LocalControls.tsx":{"bytesInOutput":804}},"bytes":3502},"island-localkvlist.js":{"imports":[{"path":"chunk-6QOSJNPS.js","kind":"import-statement"},{"path":"chunk-CI56ZKA7.js","kind":"import-statement"},{"path":"chunk-OB2FJWFS.js","kind":"import-statement"},{"path":"chunk-TJ55WERY.js","kind":"import-statement"},{"path":"chunk-HQ6JOK2O.js","kind":"import-statement"},{"path":"chunk-A24ONYSU.js","kind":"import-statement"},{"path":"chunk-4C7GSA6N.js","kind":"import-statement"},{"path":"chunk-JG7V63GM.js","kind":"import-statement"}],"exports":["default"],"entryPoint":"islands/LocalKvList.tsx","inputs":{"components/EditLabel.tsx":{"bytesInOutput":680},"components/icons/KV.tsx":{"bytesInOutput":186},"components/LocalKv.tsx":{"bytesInOutput":1133},"islands/LocalKvList.tsx":{"bytesInOutput":451}},"bytes":2808},"chunk-6QOSJNPS.js":{"imports":[],"exports":["a"],"inputs":{"https://jsr.io/@std/fmt/1.0.8/bytes.ts":{"bytesInOutput":874}},"bytes":890},"chunk-CI56ZKA7.js":{"imports":[{"path":"chunk-OB2FJWFS.js","kind":"import-statement"},{"path":"chunk-TJ55WERY.js","kind":"import-statement"},{"path":"chunk-A24ONYSU.js","kind":"import-statement"}],"exports":["a"],"inputs":{"components/DialogAddUpdateLocal.tsx":{"bytesInOutput":2430}},"bytes":2615},"island-remotecontrols.js":{"imports":[{"path":"chunk-M2D3ZEMH.js","kind":"import-statement"},{"path":"chunk-5CFJMRKP.js","kind":"import-statement"},{"path":"chunk-GGM2I3UO.js","kind":"import-statement"},{"path":"chunk-J3XWRTOX.js","kind":"import-statement"},{"path":"chunk-OB2FJWFS.js","kind":"import-statement"},{"path":"chunk-TJ55WERY.js","kind":"import-statement"},{"path":"chunk-HQ6JOK2O.js","kind":"import-statement"},{"path":"chunk-A24ONYSU.js","kind":"import-statement"},{"path":"chunk-4C7GSA6N.js","kind":"import-statement"},{"path":"chunk-JG7V63GM.js","kind":"import-statement"}],"exports":["default"],"entryPoint":"islands/RemoteControls.tsx","inputs":{"components/DialogDeleteRemote.tsx":{"bytesInOutput":2349},"islands/RemoteControls.tsx":{"bytesInOutput":780}},"bytes":3527},"chunk-M2D3ZEMH.js":{"imports":[{"path":"chunk-GGM2I3UO.js","kind":"import-statement"},{"path":"chunk-OB2FJWFS.js","kind":"import-statement"},{"path":"chunk-TJ55WERY.js","kind":"import-statement"},{"path":"chunk-A24ONYSU.js","kind":"import-statement"},{"path":"chunk-4C7GSA6N.js","kind":"import-statement"}],"exports":["a"],"inputs":{"components/DialogAddUpdateRemote.tsx":{"bytesInOutput":5729}},"bytes":6001},"chunk-5CFJMRKP.js":{"imports":[{"path":"chunk-GGM2I3UO.js","kind":"import-statement"},{"path":"chunk-TJ55WERY.js","kind":"import-statement"},{"path":"chunk-HQ6JOK2O.js","kind":"import-statement"}],"exports":["a"],"inputs":{"components/Toast.tsx":{"bytesInOutput":2087},"components/Toaster.tsx":{"bytesInOutput":135}},"bytes":2358},"chunk-GGM2I3UO.js":{"imports":[{"path":"chunk-J3XWRTOX.js","kind":"import-statement"},{"path":"chunk-A24ONYSU.js","kind":"import-statement"}],"exports":["a","b"],"inputs":{"utils/remoteStores.ts":{"bytesInOutput":356},"utils/watches.ts":{"bytesInOutput":384},"utils/state.ts":{"bytesInOutput":436}},"bytes":1293},"chunk-J3XWRTOX.js":{"imports":[{"path":"chunk-TJ55WERY.js","kind":"import-statement"}],"exports":["a","b","c","d","e","f"],"inputs":{"https://jsr.io/@deno/kv-utils/0.1.3/json.ts":{"bytesInOutput":5463},"https://jsr.io/@std/crypto/1.0.5/timing_safe_equal.ts":{"bytesInOutput":286},"https://jsr.io/@kitsonk/kv-toolbox/0.28.1/blob_util.ts":{"bytesInOutput":72},"https://jsr.io/@kitsonk/kv-toolbox/0.28.1/keys.ts":{"bytesInOutput":241}},"bytes":6160},"chunk-OB2FJWFS.js":{"imports":[{"path":"chunk-TJ55WERY.js","kind":"import-statement"},{"path":"chunk-HQ6JOK2O.js","kind":"import-statement"},{"path":"chunk-A24ONYSU.js","kind":"import-statement"}],"exports":["a","b","c","d","e","f","g"],"inputs":{"components/AddButton.tsx":{"bytesInOutput":359},"components/Alert.tsx":{"bytesInOutput":977},"components/CloseButton.tsx":{"bytesInOutput":478},"utils/signals.ts":{"bytesInOutput":180},"components/Dialog.tsx":{"bytesInOutput":261},"components/Label.tsx":{"bytesInOutput":137}},"bytes":2584},"chunk-TJ55WERY.js":{"imports":[{"path":"chunk-4C7GSA6N.js","kind":"import-statement"}],"exports":["a","b","c","d"],"inputs":{"../../Library/Caches/deno/deno_esbuild/registry.npmjs.org/preact@10.26.7/node_modules/preact/jsx-runtime/dist/jsxRuntime.module.js":{"bytesInOutput":372},"https://deno.land/x/fresh@1.7.3/runtime.ts":{"bytesInOutput":0},"https://deno.land/x/fresh@1.7.3/src/runtime/head.ts":{"bytesInOutput":12},"https://deno.land/x/fresh@1.7.3/src/runtime/csp.ts":{"bytesInOutput":16},"https://deno.land/x/fresh@1.7.3/src/runtime/Partial.tsx":{"bytesInOutput":56},"https://jsr.io/@std/encoding/1.0.10/_common64.ts":{"bytesInOutput":1665},"https://jsr.io/@std/encoding/1.0.10/_common_detach.ts":{"bytesInOutput":187},"https://jsr.io/@std/encoding/1.0.10/base64url.ts":{"bytesInOutput":527},"https://jsr.io/@std/assert/1.0.13/assertion_error.ts":{"bytesInOutput":83},"https://jsr.io/@std/assert/1.0.13/assert.ts":{"bytesInOutput":41}},"bytes":3044},"chunk-HQ6JOK2O.js":{"imports":[],"exports":["a","b","c","d"],"inputs":{"https://deno.land/x/fresh@1.7.3/src/runtime/build_id.ts":{"bytesInOutput":49},"https://deno.land/x/fresh@1.7.3/src/runtime/utils.ts":{"bytesInOutput":891}},"bytes":977},"chunk-A24ONYSU.js":{"imports":[{"path":"chunk-4C7GSA6N.js","kind":"import-statement"}],"exports":["a","b","c","d","e","f","g","h","i","j"],"inputs":{"../../Library/Caches/deno/deno_esbuild/registry.npmjs.org/@preact/signals-core@1.8.0/node_modules/@preact/signals-core/dist/signals-core.module.js":{"bytesInOutput":3996},"../../Library/Caches/deno/deno_esbuild/registry.npmjs.org/preact@10.26.7/node_modules/preact/hooks/dist/hooks.module.js":{"bytesInOutput":1966},"../../Library/Caches/deno/deno_esbuild/registry.npmjs.org/@preact/signals@2.0.5_preact@10.26.7/node_modules/@preact/signals/dist/signals.module.js":{"bytesInOutput":3240}},"bytes":9347},"chunk-4C7GSA6N.js":{"imports":[],"exports":["a","b","c","d","e","f","g"],"inputs":{"../../Library/Caches/deno/deno_esbuild/registry.npmjs.org/preact@10.26.7/node_modules/preact/dist/preact.module.js":{"bytesInOutput":10833}},"bytes":10895},"chunk-JG7V63GM.js":{"imports":[],"exports":["a","b"],"inputs":{},"bytes":544}}}