{"inputs":{"https://deno.land/x/fresh@1.7.2/src/runtime/polyfills.ts":{"bytes":1491,"imports":[]},"https://esm.sh/stable/preact@10.22.0/denonext/preact.mjs":{"bytes":11969,"imports":[],"format":"esm"},"https://esm.sh/preact@10.22.0":{"bytes":807,"imports":[{"path":"https://esm.sh/stable/preact@10.22.0/denonext/preact.mjs","kind":"import-statement","original":"/stable/preact@10.22.0/denonext/preact.mjs"}],"format":"esm"},"https://deno.land/x/fresh@1.7.2/src/runtime/build_id.ts":{"bytes":67,"imports":[],"format":"esm"},"https://deno.land/x/fresh@1.7.2/src/runtime/utils.ts":{"bytes":4093,"imports":[{"path":"preact","kind":"import-statement","external":true},{"path":"https://deno.land/x/fresh@1.7.2/src/runtime/build_id.ts","kind":"import-statement","original":"./build_id.ts"}],"format":"esm"},"https://deno.land/x/fresh@1.7.2/src/constants.ts":{"bytes":1639,"imports":[],"format":"esm"},"https://deno.land/x/fresh@1.7.2/src/runtime/active_url.ts":{"bytes":2552,"imports":[{"path":"preact","kind":"import-statement","external":true},{"path":"https://deno.land/x/fresh@1.7.2/src/constants.ts","kind":"import-statement","original":"../constants.ts"}],"format":"esm"},"https://deno.land/x/fresh@1.7.2/src/runtime/entrypoints/main.ts":{"bytes":33312,"imports":[{"path":"https://deno.land/x/fresh@1.7.2/src/runtime/polyfills.ts","kind":"import-statement","original":"../polyfills.ts"},{"path":"https://esm.sh/preact@10.22.0","kind":"import-statement","original":"preact"},{"path":"https://deno.land/x/fresh@1.7.2/src/runtime/utils.ts","kind":"import-statement","original":"../utils.ts"},{"path":"../../server/rendering/fresh_tags.tsx","kind":"import-statement","external":true},{"path":"https://deno.land/x/fresh@1.7.2/src/constants.ts","kind":"import-statement","original":"../../constants.ts"},{"path":"https://deno.land/x/fresh@1.7.2/src/runtime/active_url.ts","kind":"import-statement","original":"../active_url.ts"}],"format":"esm"},"https://deno.land/x/fresh@1.7.2/src/runtime/deserializer.ts":{"bytes":3351,"imports":[],"format":"esm"},"https://deno.land/x/fresh@1.7.2/src/runtime/entrypoints/deserializer.ts":{"bytes":1325,"imports":[{"path":"https://deno.land/x/fresh@1.7.2/src/runtime/deserializer.ts","kind":"import-statement","original":"../deserializer.ts"}],"format":"esm"},"https://esm.sh/stable/preact@10.22.0/denonext/hooks.js":{"bytes":4424,"imports":[{"path":"https://esm.sh/stable/preact@10.22.0/denonext/preact.mjs","kind":"import-statement","original":"/stable/preact@10.22.0/denonext/preact.mjs"}],"format":"esm"},"https://esm.sh/preact@10.22.0/hooks":{"bytes":874,"imports":[{"path":"https://esm.sh/stable/preact@10.22.0/denonext/preact.mjs","kind":"import-statement","original":"/stable/preact@10.22.0/denonext/preact.mjs"},{"path":"https://esm.sh/stable/preact@10.22.0/denonext/hooks.js","kind":"import-statement","original":"/stable/preact@10.22.0/denonext/hooks.js"}],"format":"esm"},"https://esm.sh/v135/@preact/signals-core@1.5.1/X-ZS8q/denonext/signals-core.mjs":{"bytes":4907,"imports":[],"format":"esm"},"https://esm.sh/*@preact/signals-core@1.5.1":{"bytes":895,"imports":[{"path":"https://esm.sh/v135/@preact/signals-core@1.5.1/X-ZS8q/denonext/signals-core.mjs","kind":"import-statement","original":"/v135/@preact/signals-core@1.5.1/X-ZS8q/denonext/signals-core.mjs"}],"format":"esm"},"https://esm.sh/v135/@preact/signals@1.2.2/X-ZS8q/denonext/signals.mjs":{"bytes":3380,"imports":[{"path":"https://esm.sh/preact@10.22.0","kind":"import-statement","original":"preact"},{"path":"https://esm.sh/preact@10.22.0/hooks","kind":"import-statement","original":"preact/hooks"},{"path":"https://esm.sh/*@preact/signals-core@1.5.1","kind":"import-statement","original":"@preact/signals-core"},{"path":"https://esm.sh/*@preact/signals-core@1.5.1","kind":"import-statement","original":"@preact/signals-core"}],"format":"esm"},"https://esm.sh/*@preact/signals@1.2.2":{"bytes":855,"imports":[{"path":"https://esm.sh/v135/@preact/signals@1.2.2/X-ZS8q/denonext/signals.mjs","kind":"import-statement","original":"/v135/@preact/signals@1.2.2/X-ZS8q/denonext/signals.mjs"}],"format":"esm"},"https://deno.land/x/fresh@1.7.2/src/runtime/entrypoints/signals.ts":{"bytes":1312,"imports":[{"path":"https://esm.sh/*@preact/signals@1.2.2","kind":"import-statement","original":"@preact/signals"}],"format":"esm"},"https://esm.sh/stable/preact@10.22.0/denonext/jsx-runtime.js":{"bytes":2440,"imports":[{"path":"https://esm.sh/stable/preact@10.22.0/denonext/preact.mjs","kind":"import-statement","original":"/stable/preact@10.22.0/denonext/preact.mjs"},{"path":"https://esm.sh/stable/preact@10.22.0/denonext/preact.mjs","kind":"import-statement","original":"/stable/preact@10.22.0/denonext/preact.mjs"}],"format":"esm"},"https://esm.sh/preact@10.22.0/jsx-runtime":{"bytes":904,"imports":[{"path":"https://esm.sh/stable/preact@10.22.0/denonext/preact.mjs","kind":"import-statement","original":"/stable/preact@10.22.0/denonext/preact.mjs"},{"path":"https://esm.sh/stable/preact@10.22.0/denonext/jsx-runtime.js","kind":"import-statement","original":"/stable/preact@10.22.0/denonext/jsx-runtime.js"}],"format":"esm"},"components/Loader.tsx":{"bytes":441,"imports":[{"path":"https://esm.sh/preact@10.22.0/jsx-runtime","kind":"import-statement","original":"preact/jsx-runtime"}],"format":"esm"},"utils/tree_state.ts":{"bytes":4219,"imports":[{"path":"@kitsonk/kv-toolbox/json","kind":"import-statement","external":true},{"path":"https://esm.sh/preact@10.22.0","kind":"import-statement","original":"preact"},{"path":"https://esm.sh/*@preact/signals@1.2.2","kind":"import-statement","original":"@preact/signals"},{"path":"./kv.ts","kind":"import-statement","external":true}],"format":"esm"},"https://deno.land/x/fresh@1.7.2/src/types.ts":{"bytes":1789,"imports":[],"format":"esm"},"https://deno.land/x/fresh@1.7.2/src/runtime/head.ts":{"bytes":1823,"imports":[{"path":"https://esm.sh/preact@10.22.0","kind":"import-statement","original":"preact"},{"path":"https://esm.sh/preact@10.22.0/hooks","kind":"import-statement","original":"preact/hooks"}],"format":"esm"},"https://deno.land/x/fresh@1.7.2/src/runtime/csp.ts":{"bytes":4897,"imports":[{"path":"https://esm.sh/preact@10.22.0","kind":"import-statement","original":"preact"},{"path":"https://esm.sh/preact@10.22.0/hooks","kind":"import-statement","original":"preact/hooks"}],"format":"esm"},"https://deno.land/x/fresh@1.7.2/src/runtime/Partial.tsx":{"bytes":1767,"imports":[{"path":"preact","kind":"import-statement","external":true}],"format":"esm"},"https://deno.land/x/fresh@1.7.2/runtime.ts":{"bytes":1431,"imports":[{"path":"https://deno.land/x/fresh@1.7.2/src/types.ts","kind":"import-statement","original":"./src/types.ts"},{"path":"https://deno.land/x/fresh@1.7.2/src/runtime/utils.ts","kind":"import-statement","original":"./src/runtime/utils.ts"},{"path":"https://deno.land/x/fresh@1.7.2/src/runtime/head.ts","kind":"import-statement","original":"./src/runtime/head.ts"},{"path":"https://deno.land/x/fresh@1.7.2/src/runtime/csp.ts","kind":"import-statement","original":"./src/runtime/csp.ts"},{"path":"https://deno.land/x/fresh@1.7.2/src/runtime/Partial.tsx","kind":"import-statement","original":"./src/runtime/Partial.tsx"}],"format":"esm"},"components/icons/ExpandDownArrow.tsx":{"bytes":380,"imports":[{"path":"https://deno.land/x/fresh@1.7.2/runtime.ts","kind":"import-statement","original":"$fresh/runtime.ts"},{"path":"https://esm.sh/preact@10.22.0/jsx-runtime","kind":"import-statement","original":"preact/jsx-runtime"}],"format":"esm"},"components/icons/ExpandRightArrow.tsx":{"bytes":377,"imports":[{"path":"https://deno.land/x/fresh@1.7.2/runtime.ts","kind":"import-statement","original":"$fresh/runtime.ts"},{"path":"https://esm.sh/preact@10.22.0/jsx-runtime","kind":"import-statement","original":"preact/jsx-runtime"}],"format":"esm"},"components/tree_view/Toggle.tsx":{"bytes":711,"imports":[{"path":"https://esm.sh/preact@10.22.0/hooks","kind":"import-statement","original":"preact/hooks"},{"path":"utils/tree_state.ts","kind":"import-statement","original":"$utils/tree_state.ts"},{"path":"components/icons/ExpandDownArrow.tsx","kind":"import-statement","original":"../icons/ExpandDownArrow.tsx"},{"path":"components/icons/ExpandRightArrow.tsx","kind":"import-statement","original":"../icons/ExpandRightArrow.tsx"},{"path":"https://esm.sh/preact@10.22.0/jsx-runtime","kind":"import-statement","original":"preact/jsx-runtime"}],"format":"esm"},"components/tree_view/Checkbox.tsx":{"bytes":920,"imports":[{"path":"https://esm.sh/preact@10.22.0/hooks","kind":"import-statement","original":"preact/hooks"},{"path":"utils/tree_state.ts","kind":"import-statement","original":"$utils/tree_state.ts"},{"path":"https://esm.sh/preact@10.22.0/jsx-runtime","kind":"import-statement","original":"preact/jsx-runtime"}],"format":"esm"},"components/tree_view/TreeNodeLabel.tsx":{"bytes":652,"imports":[{"path":"preact","kind":"import-statement","external":true},{"path":"components/tree_view/Checkbox.tsx","kind":"import-statement","original":"./Checkbox.tsx"},{"path":"https://esm.sh/preact@10.22.0/jsx-runtime","kind":"import-statement","original":"preact/jsx-runtime"}],"format":"esm"},"components/tree_view/TreeNode.tsx":{"bytes":886,"imports":[{"path":"preact","kind":"import-statement","external":true},{"path":"components/tree_view/Toggle.tsx","kind":"import-statement","original":"./Toggle.tsx"},{"path":"components/tree_view/TreeNodeLabel.tsx","kind":"import-statement","original":"./TreeNodeLabel.tsx"},{"path":"https://esm.sh/preact@10.22.0/jsx-runtime","kind":"import-statement","original":"preact/jsx-runtime"}],"format":"esm"},"components/KvKeyPart.tsx":{"bytes":1233,"imports":[{"path":"@kitsonk/kv-toolbox/json","kind":"import-statement","external":true},{"path":"@preact/signals","kind":"import-statement","external":true},{"path":"https://esm.sh/preact@10.22.0/jsx-runtime","kind":"import-statement","original":"preact/jsx-runtime"}],"format":"esm"},"components/TreeView.tsx":{"bytes":833,"imports":[{"path":"https://esm.sh/preact@10.22.0/hooks","kind":"import-statement","original":"preact/hooks"},{"path":"utils/tree_state.ts","kind":"import-statement","original":"$utils/tree_state.ts"},{"path":"components/tree_view/TreeNode.tsx","kind":"import-statement","original":"./tree_view/TreeNode.tsx"},{"path":"components/KvKeyPart.tsx","kind":"import-statement","original":"./KvKeyPart.tsx"},{"path":"https://esm.sh/preact@10.22.0/jsx-runtime","kind":"import-statement","original":"preact/jsx-runtime"}],"format":"esm"},"https://jsr.io/@std/encoding/1.0.5/_validate_binary_like.ts":{"bytes":2161,"imports":[],"format":"esm"},"https://jsr.io/@std/encoding/1.0.5/base64.ts":{"bytes":4582,"imports":[{"path":"https://jsr.io/@std/encoding/1.0.5/_validate_binary_like.ts","kind":"import-statement","original":"./_validate_binary_like.ts"}],"format":"esm"},"https://jsr.io/@std/encoding/1.0.5/base64url.ts":{"bytes":3845,"imports":[{"path":"https://jsr.io/@std/encoding/1.0.5/base64.ts","kind":"import-statement","original":"./base64.ts"}],"format":"esm"},"https://jsr.io/@kitsonk/kv-toolbox/0.19.1/json.ts":{"bytes":26668,"imports":[{"path":"https://jsr.io/@std/encoding/1.0.5/base64url.ts","kind":"import-statement","original":"jsr:@std/encoding@~1/base64url"}],"format":"esm"},"https://jsr.io/@std/path/1.0.6/_os.ts":{"bytes":1774,"imports":[],"format":"esm"},"https://jsr.io/@std/path/1.0.6/_common/assert_path.ts":{"bytes":1662,"imports":[],"format":"esm"},"https://jsr.io/@std/path/1.0.6/_common/normalize.ts":{"bytes":1597,"imports":[{"path":"https://jsr.io/@std/path/1.0.6/_common/assert_path.ts","kind":"import-statement","original":"./assert_path.ts"}],"format":"esm"},"https://jsr.io/@std/path/1.0.6/_common/constants.ts":{"bytes":3348,"imports":[],"format":"esm"},"https://jsr.io/@std/path/1.0.6/_common/normalize_string.ts":{"bytes":3661,"imports":[{"path":"https://jsr.io/@std/path/1.0.6/_common/constants.ts","kind":"import-statement","original":"./constants.ts"}],"format":"esm"},"https://jsr.io/@std/path/1.0.6/posix/_util.ts":{"bytes":1736,"imports":[{"path":"https://jsr.io/@std/path/1.0.6/_common/constants.ts","kind":"import-statement","original":"../_common/constants.ts"}],"format":"esm"},"https://jsr.io/@std/path/1.0.6/posix/normalize.ts":{"bytes":2823,"imports":[{"path":"https://jsr.io/@std/path/1.0.6/_common/normalize.ts","kind":"import-statement","original":"../_common/normalize.ts"},{"path":"https://jsr.io/@std/path/1.0.6/_common/normalize_string.ts","kind":"import-statement","original":"../_common/normalize_string.ts"},{"path":"https://jsr.io/@std/path/1.0.6/posix/_util.ts","kind":"import-statement","original":"./_util.ts"}],"format":"esm"},"https://jsr.io/@std/path/1.0.6/posix/join.ts":{"bytes":2307,"imports":[{"path":"https://jsr.io/@std/path/1.0.6/_common/assert_path.ts","kind":"import-statement","original":"../_common/assert_path.ts"},{"path":"https://jsr.io/@std/path/1.0.6/posix/normalize.ts","kind":"import-statement","original":"./normalize.ts"}],"format":"esm"},"https://jsr.io/@std/path/1.0.6/windows/_util.ts":{"bytes":2158,"imports":[{"path":"https://jsr.io/@std/path/1.0.6/_common/constants.ts","kind":"import-statement","original":"../_common/constants.ts"}],"format":"esm"},"https://jsr.io/@std/path/1.0.6/windows/normalize.ts":{"bytes":5402,"imports":[{"path":"https://jsr.io/@std/path/1.0.6/_common/normalize.ts","kind":"import-statement","original":"../_common/normalize.ts"},{"path":"https://jsr.io/@std/path/1.0.6/_common/constants.ts","kind":"import-statement","original":"../_common/constants.ts"},{"path":"https://jsr.io/@std/path/1.0.6/_common/normalize_string.ts","kind":"import-statement","original":"../_common/normalize_string.ts"},{"path":"https://jsr.io/@std/path/1.0.6/windows/_util.ts","kind":"import-statement","original":"./_util.ts"}],"format":"esm"},"https://jsr.io/@std/path/1.0.6/windows/join.ts":{"bytes":3920,"imports":[{"path":"https://jsr.io/@std/path/1.0.6/_common/assert_path.ts","kind":"import-statement","original":"../_common/assert_path.ts"},{"path":"https://jsr.io/@std/path/1.0.6/windows/_util.ts","kind":"import-statement","original":"./_util.ts"},{"path":"https://jsr.io/@std/path/1.0.6/windows/normalize.ts","kind":"import-statement","original":"./normalize.ts"}],"format":"esm"},"https://jsr.io/@std/path/1.0.6/join.ts":{"bytes":2361,"imports":[{"path":"https://jsr.io/@std/path/1.0.6/_os.ts","kind":"import-statement","original":"./_os.ts"},{"path":"https://jsr.io/@std/path/1.0.6/posix/join.ts","kind":"import-statement","original":"./posix/join.ts"},{"path":"https://jsr.io/@std/path/1.0.6/windows/join.ts","kind":"import-statement","original":"./windows/join.ts"}],"format":"esm"},"utils/kv.ts":{"bytes":5679,"imports":[{"path":"@kitsonk/kv-toolbox/blob","kind":"import-statement","external":true},{"path":"@kitsonk/kv-toolbox/keys","kind":"import-statement","external":true},{"path":"https://jsr.io/@kitsonk/kv-toolbox/0.19.1/json.ts","kind":"import-statement","original":"@kitsonk/kv-toolbox/json"},{"path":"https://jsr.io/@std/encoding/1.0.5/base64url.ts","kind":"import-statement","original":"@std/encoding/base64url"},{"path":"https://jsr.io/@std/path/1.0.6/join.ts","kind":"import-statement","original":"@std/path/join"}],"format":"esm"},"islands/KeyTree.tsx":{"bytes":1563,"imports":[{"path":"https://esm.sh/*@preact/signals@1.2.2","kind":"import-statement","original":"@preact/signals"},{"path":"components/Loader.tsx","kind":"import-statement","original":"$components/Loader.tsx"},{"path":"components/TreeView.tsx","kind":"import-statement","original":"$components/TreeView.tsx"},{"path":"@kitsonk/kv-toolbox/json","kind":"import-statement","external":true},{"path":"utils/kv.ts","kind":"import-statement","original":"$utils/kv.ts"},{"path":"utils/tree_state.ts","kind":"import-statement","original":"$utils/tree_state.ts"},{"path":"https://esm.sh/preact@10.22.0/jsx-runtime","kind":"import-statement","original":"preact/jsx-runtime"}],"format":"esm"},"components/AddButton.tsx":{"bytes":564,"imports":[{"path":"preact","kind":"import-statement","external":true},{"path":"https://esm.sh/preact@10.22.0/jsx-runtime","kind":"import-statement","original":"preact/jsx-runtime"}],"format":"esm"},"https://jsr.io/@std/assert/1.0.6/assertion_error.ts":{"bytes":2176,"imports":[],"format":"esm"},"https://jsr.io/@std/assert/1.0.6/assert.ts":{"bytes":2005,"imports":[{"path":"https://jsr.io/@std/assert/1.0.6/assertion_error.ts","kind":"import-statement","original":"./assertion_error.ts"}],"format":"esm"},"https://jsr.io/@std/bytes/1.0.2/concat.ts":{"bytes":2251,"imports":[],"format":"esm"},"https://jsr.io/@std/media-types/1.0.3/_util.ts":{"bytes":4584,"imports":[],"format":"esm"},"https://jsr.io/@std/media-types/1.0.3/parse_media_type.ts":{"bytes":5065,"imports":[{"path":"https://jsr.io/@std/media-types/1.0.3/_util.ts","kind":"import-statement","original":"./_util.ts"}],"format":"esm"},"https://jsr.io/@std/media-types/1.0.3/vendor/db.ts":{"bytes":196600,"imports":[],"format":"esm"},"https://jsr.io/@std/media-types/1.0.3/_db.ts":{"bytes":2704,"imports":[{"path":"https://jsr.io/@std/media-types/1.0.3/vendor/db.ts","kind":"import-statement","original":"./vendor/db.ts"}],"format":"esm"},"https://jsr.io/@std/media-types/1.0.3/all_extensions.ts":{"bytes":2498,"imports":[{"path":"https://jsr.io/@std/media-types/1.0.3/parse_media_type.ts","kind":"import-statement","original":"./parse_media_type.ts"},{"path":"https://jsr.io/@std/media-types/1.0.3/_db.ts","kind":"import-statement","original":"./_db.ts"}],"format":"esm"},"https://jsr.io/@std/media-types/1.0.3/extension.ts":{"bytes":2298,"imports":[{"path":"https://jsr.io/@std/media-types/1.0.3/all_extensions.ts","kind":"import-statement","original":"./all_extensions.ts"}],"format":"esm"},"https://jsr.io/@std/crypto/1.0.3/timing_safe_equal.ts":{"bytes":3248,"imports":[],"format":"esm"},"https://jsr.io/@kitsonk/kv-toolbox/0.19.1/keys.ts":{"bytes":15395,"imports":[{"path":"https://jsr.io/@std/crypto/1.0.3/timing_safe_equal.ts","kind":"import-statement","original":"jsr:@std/crypto@~1/timing-safe-equal"},{"path":"https://jsr.io/@kitsonk/kv-toolbox/0.19.1/blob_util.ts","kind":"import-statement","original":"./blob_util.ts"}],"format":"esm"},"https://jsr.io/@kitsonk/kv-toolbox/0.19.1/blob_util.ts":{"bytes":8687,"imports":[{"path":"https://jsr.io/@kitsonk/kv-toolbox/0.19.1/keys.ts","kind":"import-statement","original":"./keys.ts"}],"format":"esm"},"https://jsr.io/@kitsonk/kv-toolbox/0.19.1/size_of.ts":{"bytes":4729,"imports":[],"format":"esm"},"https://jsr.io/@kitsonk/kv-toolbox/0.19.1/batched_atomic.ts":{"bytes":14953,"imports":[{"path":"https://jsr.io/@kitsonk/kv-toolbox/0.19.1/blob_util.ts","kind":"import-statement","original":"./blob_util.ts"},{"path":"https://jsr.io/@kitsonk/kv-toolbox/0.19.1/keys.ts","kind":"import-statement","original":"./keys.ts"},{"path":"https://jsr.io/@kitsonk/kv-toolbox/0.19.1/size_of.ts","kind":"import-statement","original":"./size_of.ts"}],"format":"esm"},"https://jsr.io/@kitsonk/kv-toolbox/0.19.1/blob.ts":{"bytes":25117,"imports":[{"path":"https://jsr.io/@std/bytes/1.0.2/concat.ts","kind":"import-statement","original":"jsr:@std/bytes@~1/concat"},{"path":"https://jsr.io/@std/encoding/1.0.5/base64url.ts","kind":"import-statement","original":"jsr:@std/encoding@~1/base64url"},{"path":"https://jsr.io/@std/media-types/1.0.3/extension.ts","kind":"import-statement","original":"jsr:@std/media-types@~1/extension"},{"path":"https://jsr.io/@kitsonk/kv-toolbox/0.19.1/batched_atomic.ts","kind":"import-statement","original":"./batched_atomic.ts"},{"path":"https://jsr.io/@kitsonk/kv-toolbox/0.19.1/blob_util.ts","kind":"import-statement","original":"./blob_util.ts"},{"path":"https://jsr.io/@kitsonk/kv-toolbox/0.19.1/keys.ts","kind":"import-statement","original":"./keys.ts"},{"path":"https://jsr.io/@kitsonk/kv-toolbox/0.19.1/blob_util.ts","kind":"import-statement","original":"./blob_util.ts"}],"format":"esm"},"utils/formData.ts":{"bytes":2114,"imports":[{"path":"https://jsr.io/@kitsonk/kv-toolbox/0.19.1/blob.ts","kind":"import-statement","original":"@kitsonk/kv-toolbox/blob"},{"path":"@kitsonk/kv-toolbox/json","kind":"import-statement","external":true}],"format":"esm"},"utils/remoteStores.ts":{"bytes":2106,"imports":[{"path":"https://jsr.io/@std/encoding/1.0.5/base64url.ts","kind":"import-statement","original":"@std/encoding/base64url"}],"format":"esm"},"utils/watches.ts":{"bytes":2411,"imports":[{"path":"https://jsr.io/@kitsonk/kv-toolbox/0.19.1/keys.ts","kind":"import-statement","original":"@kitsonk/kv-toolbox/keys"},{"path":"https://jsr.io/@kitsonk/kv-toolbox/0.19.1/json.ts","kind":"import-statement","original":"@kitsonk/kv-toolbox/json"}],"format":"esm"},"utils/state.ts":{"bytes":1642,"imports":[{"path":"@kitsonk/kv-toolbox/json","kind":"import-statement","external":true},{"path":"preact","kind":"import-statement","external":true},{"path":"https://esm.sh/*@preact/signals@1.2.2","kind":"import-statement","original":"@preact/signals"},{"path":"./kv.ts","kind":"import-statement","external":true},{"path":"utils/remoteStores.ts","kind":"import-statement","original":"./remoteStores.ts"},{"path":"utils/watches.ts","kind":"import-statement","original":"./watches.ts"}],"format":"esm"},"components/Alert.tsx":{"bytes":1510,"imports":[{"path":"https://deno.land/x/fresh@1.7.2/runtime.ts","kind":"import-statement","original":"$fresh/runtime.ts"},{"path":"preact","kind":"import-statement","external":true},{"path":"@preact/signals","kind":"import-statement","external":true},{"path":"https://esm.sh/preact@10.22.0/jsx-runtime","kind":"import-statement","original":"preact/jsx-runtime"}],"format":"esm"},"components/CloseButton.tsx":{"bytes":757,"imports":[{"path":"https://deno.land/x/fresh@1.7.2/runtime.ts","kind":"import-statement","original":"$fresh/runtime.ts"},{"path":"preact","kind":"import-statement","external":true},{"path":"https://esm.sh/preact@10.22.0/jsx-runtime","kind":"import-statement","original":"preact/jsx-runtime"}],"format":"esm"},"utils/signals.ts":{"bytes":572,"imports":[{"path":"preact","kind":"import-statement","external":true},{"path":"https://esm.sh/*@preact/signals@1.2.2","kind":"import-statement","original":"@preact/signals"}],"format":"esm"},"components/Dialog.tsx":{"bytes":905,"imports":[{"path":"preact","kind":"import-statement","external":true},{"path":"https://esm.sh/*@preact/signals@1.2.2","kind":"import-statement","original":"@preact/signals"},{"path":"https://esm.sh/preact@10.22.0/hooks","kind":"import-statement","original":"preact/hooks"},{"path":"utils/signals.ts","kind":"import-statement","original":"$utils/signals.ts"},{"path":"https://esm.sh/preact@10.22.0/jsx-runtime","kind":"import-statement","original":"preact/jsx-runtime"}],"format":"esm"},"components/Label.tsx":{"bytes":307,"imports":[{"path":"preact","kind":"import-statement","external":true},{"path":"https://esm.sh/preact@10.22.0/jsx-runtime","kind":"import-statement","original":"preact/jsx-runtime"}],"format":"esm"},"components/icons/Home.tsx":{"bytes":346,"imports":[{"path":"https://deno.land/x/fresh@1.7.2/runtime.ts","kind":"import-statement","original":"$fresh/runtime.ts"},{"path":"https://esm.sh/preact@10.22.0/jsx-runtime","kind":"import-statement","original":"preact/jsx-runtime"}],"format":"esm"},"components/KvKey.tsx":{"bytes":1708,"imports":[{"path":"@kitsonk/kv-toolbox/json","kind":"import-statement","external":true},{"path":"preact","kind":"import-statement","external":true},{"path":"@preact/signals","kind":"import-statement","external":true},{"path":"components/icons/Home.tsx","kind":"import-statement","original":"./icons/Home.tsx"},{"path":"components/KvKeyPart.tsx","kind":"import-statement","original":"./KvKeyPart.tsx"},{"path":"https://esm.sh/preact@10.22.0/jsx-runtime","kind":"import-statement","original":"preact/jsx-runtime"}],"format":"esm"},"components/Editor.tsx":{"bytes":11597,"imports":[{"path":"preact","kind":"import-statement","external":true},{"path":"https://esm.sh/preact@10.22.0/hooks","kind":"import-statement","original":"preact/hooks"},{"path":"https://esm.sh/*@preact/signals@1.2.2","kind":"import-statement","original":"@preact/signals"},{"path":"https://esm.sh/preact@10.22.0/hooks","kind":"import-statement","original":"preact/hooks"},{"path":"utils/signals.ts","kind":"import-statement","original":"$utils/signals.ts"},{"path":"https://esm.sh/preact@10.22.0/jsx-runtime","kind":"import-statement","original":"preact/jsx-runtime"}],"format":"esm"},"https://jsr.io/@std/html/1.0.3/entities.ts":{"bytes":4743,"imports":[],"format":"esm"},"utils/highlight.ts":{"bytes":1035,"imports":[{"path":"https://jsr.io/@std/html/1.0.3/entities.ts","kind":"import-statement","original":"@std/html/entities"}],"format":"esm"},"components/EditorJson.tsx":{"bytes":280,"imports":[{"path":"components/Editor.tsx","kind":"import-statement","original":"./Editor.tsx"},{"path":"utils/highlight.ts","kind":"import-statement","original":"$utils/highlight.ts"},{"path":"https://esm.sh/preact@10.22.0/jsx-runtime","kind":"import-statement","original":"preact/jsx-runtime"}],"format":"esm"},"components/KvValueEditor.tsx":{"bytes":11420,"imports":[{"path":"@kitsonk/kv-toolbox/blob","kind":"import-statement","external":true},{"path":"@kitsonk/kv-toolbox/json","kind":"import-statement","external":true},{"path":"https://esm.sh/*@preact/signals@1.2.2","kind":"import-statement","original":"@preact/signals"},{"path":"utils/kv.ts","kind":"import-statement","original":"$utils/kv.ts"},{"path":"components/EditorJson.tsx","kind":"import-statement","original":"./EditorJson.tsx"},{"path":"https://esm.sh/preact@10.22.0/jsx-runtime","kind":"import-statement","original":"preact/jsx-runtime"}],"format":"esm"},"components/DialogAddEntry.tsx":{"bytes":7735,"imports":[{"path":"@kitsonk/kv-toolbox/json","kind":"import-statement","external":true},{"path":"preact","kind":"import-statement","external":true},{"path":"https://esm.sh/*@preact/signals@1.2.2","kind":"import-statement","original":"@preact/signals"},{"path":"https://esm.sh/preact@10.22.0/hooks","kind":"import-statement","original":"preact/hooks"},{"path":"https://jsr.io/@std/assert/1.0.6/assert.ts","kind":"import-statement","original":"@std/assert/assert"},{"path":"utils/formData.ts","kind":"import-statement","original":"$utils/formData.ts"},{"path":"utils/kv.ts","kind":"import-statement","original":"$utils/kv.ts"},{"path":"utils/state.ts","kind":"import-statement","original":"$utils/state.ts"},{"path":"components/AddButton.tsx","kind":"import-statement","original":"./AddButton.tsx"},{"path":"components/Alert.tsx","kind":"import-statement","original":"./Alert.tsx"},{"path":"components/CloseButton.tsx","kind":"import-statement","original":"./CloseButton.tsx"},{"path":"components/Dialog.tsx","kind":"import-statement","original":"./Dialog.tsx"},{"path":"components/Label.tsx","kind":"import-statement","original":"./Label.tsx"},{"path":"components/KvKey.tsx","kind":"import-statement","original":"./KvKey.tsx"},{"path":"components/KvValueEditor.tsx","kind":"import-statement","original":"./KvValueEditor.tsx"},{"path":"https://esm.sh/preact@10.22.0/jsx-runtime","kind":"import-statement","original":"preact/jsx-runtime"}],"format":"esm"},"components/DialogDeleteEntries.tsx":{"bytes":4800,"imports":[{"path":"@kitsonk/kv-toolbox/json","kind":"import-statement","external":true},{"path":"preact","kind":"import-statement","external":true},{"path":"https://esm.sh/preact@10.22.0/hooks","kind":"import-statement","original":"preact/hooks"},{"path":"https://esm.sh/*@preact/signals@1.2.2","kind":"import-statement","original":"@preact/signals"},{"path":"utils/kv.ts","kind":"import-statement","original":"$utils/kv.ts"},{"path":"utils/state.ts","kind":"import-statement","original":"$utils/state.ts"},{"path":"utils/tree_state.ts","kind":"import-statement","original":"$utils/tree_state.ts"},{"path":"components/Alert.tsx","kind":"import-statement","original":"./Alert.tsx"},{"path":"components/CloseButton.tsx","kind":"import-statement","original":"./CloseButton.tsx"},{"path":"components/Dialog.tsx","kind":"import-statement","original":"./Dialog.tsx"},{"path":"components/Loader.tsx","kind":"import-statement","original":"./Loader.tsx"},{"path":"components/TreeView.tsx","kind":"import-statement","original":"./TreeView.tsx"},{"path":"https://esm.sh/preact@10.22.0/jsx-runtime","kind":"import-statement","original":"preact/jsx-runtime"}],"format":"esm"},"components/DialogExport.tsx":{"bytes":2706,"imports":[{"path":"@kitsonk/kv-toolbox/json","kind":"import-statement","external":true},{"path":"https://esm.sh/*@preact/signals@1.2.2","kind":"import-statement","original":"@preact/signals"},{"path":"utils/kv.ts","kind":"import-statement","original":"$utils/kv.ts"},{"path":"components/CloseButton.tsx","kind":"import-statement","original":"./CloseButton.tsx"},{"path":"components/Dialog.tsx","kind":"import-statement","original":"./Dialog.tsx"},{"path":"components/KvKey.tsx","kind":"import-statement","original":"./KvKey.tsx"},{"path":"https://esm.sh/preact@10.22.0/jsx-runtime","kind":"import-statement","original":"preact/jsx-runtime"}],"format":"esm"},"components/DialogImport.tsx":{"bytes":6057,"imports":[{"path":"@kitsonk/kv-toolbox/json","kind":"import-statement","external":true},{"path":"preact","kind":"import-statement","external":true},{"path":"https://esm.sh/*@preact/signals@1.2.2","kind":"import-statement","original":"@preact/signals"},{"path":"utils/kv.ts","kind":"import-statement","original":"$utils/kv.ts"},{"path":"utils/state.ts","kind":"import-statement","original":"$utils/state.ts"},{"path":"components/Alert.tsx","kind":"import-statement","original":"./Alert.tsx"},{"path":"components/CloseButton.tsx","kind":"import-statement","original":"./CloseButton.tsx"},{"path":"components/Dialog.tsx","kind":"import-statement","original":"./Dialog.tsx"},{"path":"https://esm.sh/preact@10.22.0/hooks","kind":"import-statement","original":"preact/hooks"},{"path":"https://jsr.io/@std/assert/1.0.6/assert.ts","kind":"import-statement","original":"@std/assert/assert"},{"path":"https://esm.sh/preact@10.22.0/jsx-runtime","kind":"import-statement","original":"preact/jsx-runtime"}],"format":"esm"},"components/icons/Expand.tsx":{"bytes":336,"imports":[{"path":"https://deno.land/x/fresh@1.7.2/runtime.ts","kind":"import-statement","original":"$fresh/runtime.ts"},{"path":"https://esm.sh/preact@10.22.0/jsx-runtime","kind":"import-statement","original":"preact/jsx-runtime"}],"format":"esm"},"components/icons/RightArrow.tsx":{"bytes":359,"imports":[{"path":"https://deno.land/x/fresh@1.7.2/runtime.ts","kind":"import-statement","original":"$fresh/runtime.ts"},{"path":"https://esm.sh/preact@10.22.0/jsx-runtime","kind":"import-statement","original":"preact/jsx-runtime"}],"format":"esm"},"components/KvKeyList.tsx":{"bytes":2028,"imports":[{"path":"@kitsonk/kv-toolbox/json","kind":"import-statement","external":true},{"path":"@preact/signals","kind":"import-statement","external":true},{"path":"components/KvKeyPart.tsx","kind":"import-statement","original":"./KvKeyPart.tsx"},{"path":"components/icons/Expand.tsx","kind":"import-statement","original":"./icons/Expand.tsx"},{"path":"components/icons/RightArrow.tsx","kind":"import-statement","original":"./icons/RightArrow.tsx"},{"path":"https://esm.sh/preact@10.22.0/jsx-runtime","kind":"import-statement","original":"preact/jsx-runtime"}],"format":"esm"},"components/DialogDeleteEntry.tsx":{"bytes":4339,"imports":[{"path":"https://deno.land/x/fresh@1.7.2/runtime.ts","kind":"import-statement","original":"$fresh/runtime.ts"},{"path":"@kitsonk/kv-toolbox/blob","kind":"import-statement","external":true},{"path":"@kitsonk/kv-toolbox/json","kind":"import-statement","external":true},{"path":"@preact/signals","kind":"import-statement","external":true},{"path":"utils/kv.ts","kind":"import-statement","original":"$utils/kv.ts"},{"path":"https://jsr.io/@std/assert/1.0.6/assert.ts","kind":"import-statement","original":"@std/assert/assert"},{"path":"utils/state.ts","kind":"import-statement","original":"$utils/state.ts"},{"path":"components/Dialog.tsx","kind":"import-statement","original":"./Dialog.tsx"},{"path":"components/KvKey.tsx","kind":"import-statement","original":"./KvKey.tsx"},{"path":"https://esm.sh/preact@10.22.0/jsx-runtime","kind":"import-statement","original":"preact/jsx-runtime"}],"format":"esm"},"components/DialogEditValue.tsx":{"bytes":7646,"imports":[{"path":"@kitsonk/kv-toolbox/blob","kind":"import-statement","external":true},{"path":"@kitsonk/kv-toolbox/json","kind":"import-statement","external":true},{"path":"preact","kind":"import-statement","external":true},{"path":"https://esm.sh/*@preact/signals@1.2.2","kind":"import-statement","original":"@preact/signals"},{"path":"https://esm.sh/preact@10.22.0/hooks","kind":"import-statement","original":"preact/hooks"},{"path":"https://jsr.io/@std/assert/1.0.6/assert.ts","kind":"import-statement","original":"@std/assert/assert"},{"path":"utils/formData.ts","kind":"import-statement","original":"$utils/formData.ts"},{"path":"utils/kv.ts","kind":"import-statement","original":"$utils/kv.ts"},{"path":"utils/state.ts","kind":"import-statement","original":"$utils/state.ts"},{"path":"components/Alert.tsx","kind":"import-statement","original":"./Alert.tsx"},{"path":"components/CloseButton.tsx","kind":"import-statement","original":"./CloseButton.tsx"},{"path":"components/Dialog.tsx","kind":"import-statement","original":"./Dialog.tsx"},{"path":"components/KvKey.tsx","kind":"import-statement","original":"./KvKey.tsx"},{"path":"components/KvValueEditor.tsx","kind":"import-statement","original":"./KvValueEditor.tsx"},{"path":"https://esm.sh/preact@10.22.0/jsx-runtime","kind":"import-statement","original":"preact/jsx-runtime"}],"format":"esm"},"https://jsr.io/@std/media-types/1.0.3/type_by_extension.ts":{"bytes":2525,"imports":[{"path":"https://jsr.io/@std/media-types/1.0.3/_db.ts","kind":"import-statement","original":"./_db.ts"}],"format":"esm"},"https://jsr.io/@oak/commons/1.0.0/media_types.ts":{"bytes":7848,"imports":[{"path":"https://jsr.io/@std/media-types/1.0.3/type_by_extension.ts","kind":"import-statement","original":"jsr:@std/media-types@^1.0/type-by-extension"}],"format":"esm"},"https://jsr.io/@std/fmt/1.0.2/bytes.ts":{"bytes":6974,"imports":[],"format":"esm"},"components/icons/ArrowUpRight.tsx":{"bytes":364,"imports":[{"path":"https://deno.land/x/fresh@1.7.2/runtime.ts","kind":"import-statement","original":"$fresh/runtime.ts"},{"path":"https://esm.sh/preact@10.22.0/jsx-runtime","kind":"import-statement","original":"preact/jsx-runtime"}],"format":"esm"},"components/icons/Download.tsx":{"bytes":362,"imports":[{"path":"https://deno.land/x/fresh@1.7.2/runtime.ts","kind":"import-statement","original":"$fresh/runtime.ts"},{"path":"https://esm.sh/preact@10.22.0/jsx-runtime","kind":"import-statement","original":"preact/jsx-runtime"}],"format":"esm"},"components/BlobViewer.tsx":{"bytes":6262,"imports":[{"path":"@kitsonk/kv-toolbox/blob","kind":"import-statement","external":true},{"path":"@kitsonk/kv-toolbox/json","kind":"import-statement","external":true},{"path":"https://jsr.io/@oak/commons/1.0.0/media_types.ts","kind":"import-statement","original":"@oak/commons/media_types"},{"path":"https://jsr.io/@std/fmt/1.0.2/bytes.ts","kind":"import-statement","original":"@std/fmt/bytes"},{"path":"utils/kv.ts","kind":"import-statement","original":"$utils/kv.ts"},{"path":"components/icons/ArrowUpRight.tsx","kind":"import-statement","original":"./icons/ArrowUpRight.tsx"},{"path":"components/icons/Download.tsx","kind":"import-statement","original":"./icons/Download.tsx"},{"path":"https://esm.sh/preact@10.22.0/jsx-runtime","kind":"import-statement","original":"preact/jsx-runtime"}],"format":"esm"},"components/HexViewer.tsx":{"bytes":5079,"imports":[{"path":"https://esm.sh/*@preact/signals@1.2.2","kind":"import-statement","original":"@preact/signals"},{"path":"https://jsr.io/@std/encoding/1.0.5/base64url.ts","kind":"import-statement","original":"@std/encoding/base64url"},{"path":"https://esm.sh/preact@10.22.0/jsx-runtime","kind":"import-statement","original":"preact/jsx-runtime"}],"format":"esm"},"https://deno.land/std@0.216.0/fmt/colors.ts":{"bytes":14223,"imports":[],"format":"esm"},"components/KvValue.tsx":{"bytes":7083,"imports":[{"path":"preact","kind":"import-statement","external":true},{"path":"@kitsonk/kv-toolbox/blob","kind":"import-statement","external":true},{"path":"@kitsonk/kv-toolbox/json","kind":"import-statement","external":true},{"path":"utils/highlight.ts","kind":"import-statement","original":"$utils/highlight.ts"},{"path":"components/BlobViewer.tsx","kind":"import-statement","original":"./BlobViewer.tsx"},{"path":"components/HexViewer.tsx","kind":"import-statement","original":"./HexViewer.tsx"},{"path":"https://deno.land/std@0.216.0/fmt/colors.ts","kind":"import-statement","original":"https://deno.land/std@0.216.0/fmt/colors.ts"},{"path":"https://esm.sh/preact@10.22.0/jsx-runtime","kind":"import-statement","original":"preact/jsx-runtime"}],"format":"esm"},"components/icons/Observe.tsx":{"bytes":352,"imports":[{"path":"https://deno.land/x/fresh@1.7.2/runtime.ts","kind":"import-statement","original":"$fresh/runtime.ts"},{"path":"https://esm.sh/preact@10.22.0/jsx-runtime","kind":"import-statement","original":"preact/jsx-runtime"}],"format":"esm"},"components/KvEntry.tsx":{"bytes":5764,"imports":[{"path":"@kitsonk/kv-toolbox/blob","kind":"import-statement","external":true},{"path":"@kitsonk/kv-toolbox/json","kind":"import-statement","external":true},{"path":"https://esm.sh/*@preact/signals@1.2.2","kind":"import-statement","original":"@preact/signals"},{"path":"utils/kv.ts","kind":"import-statement","original":"$utils/kv.ts"},{"path":"utils/state.ts","kind":"import-statement","original":"$utils/state.ts"},{"path":"components/DialogAddEntry.tsx","kind":"import-statement","original":"./DialogAddEntry.tsx"},{"path":"components/DialogDeleteEntry.tsx","kind":"import-statement","original":"./DialogDeleteEntry.tsx"},{"path":"components/DialogEditValue.tsx","kind":"import-statement","original":"./DialogEditValue.tsx"},{"path":"components/KvKey.tsx","kind":"import-statement","original":"./KvKey.tsx"},{"path":"components/KvValue.tsx","kind":"import-statement","original":"./KvValue.tsx"},{"path":"components/icons/Observe.tsx","kind":"import-statement","original":"./icons/Observe.tsx"},{"path":"https://esm.sh/preact@10.22.0/jsx-runtime","kind":"import-statement","original":"preact/jsx-runtime"}],"format":"esm"},"components/Toast.tsx":{"bytes":2697,"imports":[{"path":"https://deno.land/x/fresh@1.7.2/runtime.ts","kind":"import-statement","original":"$fresh/runtime.ts"},{"path":"utils/state.ts","kind":"import-statement","original":"$utils/state.ts"},{"path":"https://esm.sh/preact@10.22.0/jsx-runtime","kind":"import-statement","original":"preact/jsx-runtime"}],"format":"esm"},"components/Toaster.tsx":{"bytes":300,"imports":[{"path":"components/Toast.tsx","kind":"import-statement","original":"$components/Toast.tsx"},{"path":"utils/state.ts","kind":"import-statement","original":"$utils/state.ts"},{"path":"https://esm.sh/preact@10.22.0/jsx-runtime","kind":"import-statement","original":"preact/jsx-runtime"}],"format":"esm"},"islands/KvExplorer.tsx":{"bytes":6970,"imports":[{"path":"components/AddButton.tsx","kind":"import-statement","original":"$components/AddButton.tsx"},{"path":"components/DialogAddEntry.tsx","kind":"import-statement","original":"$components/DialogAddEntry.tsx"},{"path":"components/DialogDeleteEntries.tsx","kind":"import-statement","original":"$components/DialogDeleteEntries.tsx"},{"path":"components/DialogExport.tsx","kind":"import-statement","original":"$components/DialogExport.tsx"},{"path":"components/DialogImport.tsx","kind":"import-statement","original":"$components/DialogImport.tsx"},{"path":"components/KvKey.tsx","kind":"import-statement","original":"$components/KvKey.tsx"},{"path":"components/KvKeyList.tsx","kind":"import-statement","original":"$components/KvKeyList.tsx"},{"path":"components/KvEntry.tsx","kind":"import-statement","original":"$components/KvEntry.tsx"},{"path":"components/Loader.tsx","kind":"import-statement","original":"$components/Loader.tsx"},{"path":"components/Toaster.tsx","kind":"import-statement","original":"$components/Toaster.tsx"},{"path":"https://esm.sh/*@preact/signals@1.2.2","kind":"import-statement","original":"@preact/signals"},{"path":"$utils/dash.ts","kind":"import-statement","external":true},{"path":"utils/kv.ts","kind":"import-statement","original":"$utils/kv.ts"},{"path":"@kitsonk/kv-toolbox/blob","kind":"import-statement","external":true},{"path":"@kitsonk/kv-toolbox/json","kind":"import-statement","external":true},{"path":"https://esm.sh/preact@10.22.0/jsx-runtime","kind":"import-statement","original":"preact/jsx-runtime"}],"format":"esm"},"components/DialogAddUpdateLocal.tsx":{"bytes":4638,"imports":[{"path":"preact","kind":"import-statement","external":true},{"path":"https://esm.sh/preact@10.22.0/hooks","kind":"import-statement","original":"preact/hooks"},{"path":"https://esm.sh/*@preact/signals@1.2.2","kind":"import-statement","original":"@preact/signals"},{"path":"https://jsr.io/@std/assert/1.0.6/assert.ts","kind":"import-statement","original":"@std/assert/assert"},{"path":"https://jsr.io/@std/encoding/1.0.5/base64url.ts","kind":"import-statement","original":"@std/encoding/base64url"},{"path":"$utils/kv.ts","kind":"import-statement","external":true},{"path":"components/AddButton.tsx","kind":"import-statement","original":"./AddButton.tsx"},{"path":"components/Alert.tsx","kind":"import-statement","original":"./Alert.tsx"},{"path":"components/CloseButton.tsx","kind":"import-statement","original":"./CloseButton.tsx"},{"path":"components/Dialog.tsx","kind":"import-statement","original":"./Dialog.tsx"},{"path":"components/Label.tsx","kind":"import-statement","original":"./Label.tsx"},{"path":"https://esm.sh/preact@10.22.0/jsx-runtime","kind":"import-statement","original":"preact/jsx-runtime"}],"format":"esm"},"components/DialogDeleteLocal.tsx":{"bytes":3468,"imports":[{"path":"https://deno.land/x/fresh@1.7.2/runtime.ts","kind":"import-statement","original":"$fresh/runtime.ts"},{"path":"@preact/signals","kind":"import-statement","external":true},{"path":"$utils/kv.ts","kind":"import-statement","external":true},{"path":"utils/state.ts","kind":"import-statement","original":"$utils/state.ts"},{"path":"components/Dialog.tsx","kind":"import-statement","original":"./Dialog.tsx"},{"path":"https://esm.sh/preact@10.22.0/jsx-runtime","kind":"import-statement","original":"preact/jsx-runtime"}],"format":"esm"},"islands/LocalControls.tsx":{"bytes":1558,"imports":[{"path":"components/DialogAddUpdateLocal.tsx","kind":"import-statement","original":"../components/DialogAddUpdateLocal.tsx"},{"path":"components/DialogDeleteLocal.tsx","kind":"import-statement","original":"$components/DialogDeleteLocal.tsx"},{"path":"https://esm.sh/*@preact/signals@1.2.2","kind":"import-statement","original":"@preact/signals"},{"path":"$utils/kv.ts","kind":"import-statement","external":true},{"path":"https://esm.sh/preact@10.22.0/jsx-runtime","kind":"import-statement","original":"preact/jsx-runtime"}],"format":"esm"},"components/EditLabel.tsx":{"bytes":2110,"imports":[{"path":"https://esm.sh/*@preact/signals@1.2.2","kind":"import-statement","original":"@preact/signals"},{"path":"https://esm.sh/preact@10.22.0/hooks","kind":"import-statement","original":"preact/hooks"},{"path":"https://esm.sh/preact@10.22.0/jsx-runtime","kind":"import-statement","original":"preact/jsx-runtime"}],"format":"esm"},"components/icons/KV.tsx":{"bytes":345,"imports":[{"path":"https://deno.land/x/fresh@1.7.2/runtime.ts","kind":"import-statement","original":"$fresh/runtime.ts"},{"path":"https://esm.sh/preact@10.22.0/jsx-runtime","kind":"import-statement","original":"preact/jsx-runtime"}],"format":"esm"},"components/LocalKv.tsx":{"bytes":1859,"imports":[{"path":"https://esm.sh/*@preact/signals@1.2.2","kind":"import-statement","original":"@preact/signals"},{"path":"https://jsr.io/@std/encoding/1.0.5/base64url.ts","kind":"import-statement","original":"@std/encoding/base64url"},{"path":"https://jsr.io/@std/fmt/1.0.2/bytes.ts","kind":"import-statement","original":"@std/fmt/bytes"},{"path":"$utils/kv.ts","kind":"import-statement","external":true},{"path":"components/EditLabel.tsx","kind":"import-statement","original":"./EditLabel.tsx"},{"path":"components/icons/KV.tsx","kind":"import-statement","original":"./icons/KV.tsx"},{"path":"https://esm.sh/preact@10.22.0/jsx-runtime","kind":"import-statement","original":"preact/jsx-runtime"}],"format":"esm"},"islands/LocalKvList.tsx":{"bytes":1011,"imports":[{"path":"components/AddButton.tsx","kind":"import-statement","original":"$components/AddButton.tsx"},{"path":"components/DialogAddUpdateLocal.tsx","kind":"import-statement","original":"../components/DialogAddUpdateLocal.tsx"},{"path":"components/LocalKv.tsx","kind":"import-statement","original":"$components/LocalKv.tsx"},{"path":"https://esm.sh/*@preact/signals@1.2.2","kind":"import-statement","original":"@preact/signals"},{"path":"$utils/kv.ts","kind":"import-statement","external":true},{"path":"https://esm.sh/preact@10.22.0/jsx-runtime","kind":"import-statement","original":"preact/jsx-runtime"}],"format":"esm"},"components/DialogAddUpdateRemote.tsx":{"bytes":10254,"imports":[{"path":"preact","kind":"import-statement","external":true},{"path":"https://esm.sh/preact@10.22.0/hooks","kind":"import-statement","original":"preact/hooks"},{"path":"https://esm.sh/*@preact/signals@1.2.2","kind":"import-statement","original":"@preact/signals"},{"path":"https://jsr.io/@std/assert/1.0.6/assert.ts","kind":"import-statement","original":"@std/assert/assert"},{"path":"https://jsr.io/@std/encoding/1.0.5/base64url.ts","kind":"import-statement","original":"@std/encoding/base64url"},{"path":"$utils/remoteStores.ts","kind":"import-statement","external":true},{"path":"utils/state.ts","kind":"import-statement","original":"$utils/state.ts"},{"path":"components/AddButton.tsx","kind":"import-statement","original":"./AddButton.tsx"},{"path":"components/Alert.tsx","kind":"import-statement","original":"./Alert.tsx"},{"path":"components/CloseButton.tsx","kind":"import-statement","original":"./CloseButton.tsx"},{"path":"components/Dialog.tsx","kind":"import-statement","original":"./Dialog.tsx"},{"path":"components/Label.tsx","kind":"import-statement","original":"./Label.tsx"},{"path":"https://esm.sh/preact@10.22.0/jsx-runtime","kind":"import-statement","original":"preact/jsx-runtime"}],"format":"esm"},"components/DialogDeleteRemote.tsx":{"bytes":3528,"imports":[{"path":"https://deno.land/x/fresh@1.7.2/runtime.ts","kind":"import-statement","original":"$fresh/runtime.ts"},{"path":"@preact/signals","kind":"import-statement","external":true},{"path":"$utils/remoteStores.ts","kind":"import-statement","external":true},{"path":"utils/state.ts","kind":"import-statement","original":"$utils/state.ts"},{"path":"components/Dialog.tsx","kind":"import-statement","original":"./Dialog.tsx"},{"path":"https://esm.sh/preact@10.22.0/jsx-runtime","kind":"import-statement","original":"preact/jsx-runtime"}],"format":"esm"},"islands/RemoteControls.tsx":{"bytes":1463,"imports":[{"path":"components/DialogAddUpdateRemote.tsx","kind":"import-statement","original":"$components/DialogAddUpdateRemote.tsx"},{"path":"components/DialogDeleteRemote.tsx","kind":"import-statement","original":"$components/DialogDeleteRemote.tsx"},{"path":"components/Toaster.tsx","kind":"import-statement","original":"$components/Toaster.tsx"},{"path":"https://esm.sh/*@preact/signals@1.2.2","kind":"import-statement","original":"@preact/signals"},{"path":"$utils/remoteStores.ts","kind":"import-statement","external":true},{"path":"https://esm.sh/preact@10.22.0/jsx-runtime","kind":"import-statement","original":"preact/jsx-runtime"}],"format":"esm"},"components/icons/Remote.tsx":{"bytes":350,"imports":[{"path":"https://deno.land/x/fresh@1.7.2/runtime.ts","kind":"import-statement","original":"$fresh/runtime.ts"},{"path":"https://esm.sh/preact@10.22.0/jsx-runtime","kind":"import-statement","original":"preact/jsx-runtime"}],"format":"esm"},"components/RemoteKv.tsx":{"bytes":853,"imports":[{"path":"https://jsr.io/@std/encoding/1.0.5/base64url.ts","kind":"import-statement","original":"@std/encoding/base64url"},{"path":"$utils/remoteStores.ts","kind":"import-statement","external":true},{"path":"components/icons/Remote.tsx","kind":"import-statement","original":"./icons/Remote.tsx"},{"path":"https://esm.sh/preact@10.22.0/jsx-runtime","kind":"import-statement","original":"preact/jsx-runtime"}],"format":"esm"},"islands/RemoteKvList.tsx":{"bytes":1731,"imports":[{"path":"components/AddButton.tsx","kind":"import-statement","original":"$components/AddButton.tsx"},{"path":"components/DialogAddUpdateRemote.tsx","kind":"import-statement","original":"$components/DialogAddUpdateRemote.tsx"},{"path":"components/RemoteKv.tsx","kind":"import-statement","original":"$components/RemoteKv.tsx"},{"path":"components/Toaster.tsx","kind":"import-statement","original":"$components/Toaster.tsx"},{"path":"https://esm.sh/*@preact/signals@1.2.2","kind":"import-statement","original":"@preact/signals"},{"path":"$utils/remoteStores.ts","kind":"import-statement","external":true},{"path":"https://esm.sh/preact@10.22.0/jsx-runtime","kind":"import-statement","original":"preact/jsx-runtime"}],"format":"esm"},"components/icons/Trashcan.tsx":{"bytes":354,"imports":[{"path":"https://deno.land/x/fresh@1.7.2/runtime.ts","kind":"import-statement","original":"$fresh/runtime.ts"},{"path":"https://esm.sh/preact@10.22.0/jsx-runtime","kind":"import-statement","original":"preact/jsx-runtime"}],"format":"esm"},"components/WatchedStore.tsx":{"bytes":2021,"imports":[{"path":"@kitsonk/kv-toolbox/json","kind":"import-statement","external":true},{"path":"@preact/signals","kind":"import-statement","external":true},{"path":"utils/kv.ts","kind":"import-statement","original":"$utils/kv.ts"},{"path":"components/KvKey.tsx","kind":"import-statement","original":"./KvKey.tsx"},{"path":"components/KvValue.tsx","kind":"import-statement","original":"./KvValue.tsx"},{"path":"components/icons/Trashcan.tsx","kind":"import-statement","original":"./icons/Trashcan.tsx"},{"path":"https://esm.sh/preact@10.22.0/jsx-runtime","kind":"import-statement","original":"preact/jsx-runtime"}],"format":"esm"},"islands/Watches.tsx":{"bytes":3104,"imports":[{"path":"components/Toaster.tsx","kind":"import-statement","original":"$components/Toaster.tsx"},{"path":"components/WatchedStore.tsx","kind":"import-statement","original":"$components/WatchedStore.tsx"},{"path":"https://deno.land/x/fresh@1.7.2/runtime.ts","kind":"import-statement","original":"$fresh/runtime.ts"},{"path":"https://jsr.io/@kitsonk/kv-toolbox/0.19.1/json.ts","kind":"import-statement","original":"@kitsonk/kv-toolbox/json"},{"path":"https://jsr.io/@kitsonk/kv-toolbox/0.19.1/keys.ts","kind":"import-statement","original":"@kitsonk/kv-toolbox/keys"},{"path":"https://esm.sh/*@preact/signals@1.2.2","kind":"import-statement","original":"@preact/signals"},{"path":"utils/state.ts","kind":"import-statement","original":"$utils/state.ts"},{"path":"https://esm.sh/preact@10.22.0/jsx-runtime","kind":"import-statement","original":"preact/jsx-runtime"}],"format":"esm"}},"outputs":{"island-remotekvlist.js":{"imports":[{"path":"chunk-H2MCSW6C.js","kind":"import-statement"},{"path":"chunk-G357Z3YB.js","kind":"import-statement"},{"path":"chunk-GECN7HFK.js","kind":"import-statement"},{"path":"chunk-ED3BSDTT.js","kind":"import-statement"},{"path":"chunk-7G4YFQXT.js","kind":"import-statement"},{"path":"chunk-YHJEOYAX.js","kind":"import-statement"},{"path":"chunk-WPD3KBV7.js","kind":"import-statement"},{"path":"chunk-BLU3JEWT.js","kind":"import-statement"},{"path":"chunk-V7IMYVGJ.js","kind":"import-statement"}],"exports":["default"],"entryPoint":"islands/RemoteKvList.tsx","inputs":{"components/icons/Remote.tsx":{"bytesInOutput":187},"components/RemoteKv.tsx":{"bytesInOutput":452},"islands/RemoteKvList.tsx":{"bytesInOutput":791}},"bytes":1795},"island-watches.js":{"imports":[{"path":"chunk-GUILRKLV.js","kind":"import-statement"},{"path":"chunk-NXSVWVSW.js","kind":"import-statement"},{"path":"chunk-FV6CO4BX.js","kind":"import-statement"},{"path":"chunk-G357Z3YB.js","kind":"import-statement"},{"path":"chunk-GECN7HFK.js","kind":"import-statement"},{"path":"chunk-ED3BSDTT.js","kind":"import-statement"},{"path":"chunk-YHJEOYAX.js","kind":"import-statement"},{"path":"chunk-WPD3KBV7.js","kind":"import-statement"},{"path":"chunk-BLU3JEWT.js","kind":"import-statement"},{"path":"chunk-V7IMYVGJ.js","kind":"import-statement"}],"exports":["default"],"entryPoint":"islands/Watches.tsx","inputs":{"components/icons/Trashcan.tsx":{"bytesInOutput":189},"components/WatchedStore.tsx":{"bytesInOutput":1008},"islands/Watches.tsx":{"bytesInOutput":1233}},"bytes":2863},"main.js":{"imports":[{"path":"chunk-WPD3KBV7.js","kind":"import-statement"},{"path":"chunk-V7IMYVGJ.js","kind":"import-statement"}],"exports":["applyPartials","revive"],"entryPoint":"https://deno.land/x/fresh@1.7.2/src/runtime/entrypoints/main.ts","inputs":{"https://deno.land/x/fresh@1.7.2/src/runtime/polyfills.ts":{"bytesInOutput":50},"https://deno.land/x/fresh@1.7.2/src/constants.ts":{"bytesInOutput":121},"https://deno.land/x/fresh@1.7.2/src/runtime/active_url.ts":{"bytesInOutput":383},"https://deno.land/x/fresh@1.7.2/src/runtime/entrypoints/main.ts":{"bytesInOutput":9755}},"bytes":10473},"deserializer.js":{"imports":[],"exports":["deserialize"],"entryPoint":"https://deno.land/x/fresh@1.7.2/src/runtime/entrypoints/deserializer.ts","inputs":{"https://deno.land/x/fresh@1.7.2/src/runtime/deserializer.ts":{"bytesInOutput":753},"https://deno.land/x/fresh@1.7.2/src/runtime/entrypoints/deserializer.ts":{"bytesInOutput":0}},"bytes":779},"signals.js":{"imports":[{"path":"chunk-BLU3JEWT.js","kind":"import-statement"},{"path":"chunk-V7IMYVGJ.js","kind":"import-statement"}],"exports":["signal"],"entryPoint":"https://deno.land/x/fresh@1.7.2/src/runtime/entrypoints/signals.ts","inputs":{"https://deno.land/x/fresh@1.7.2/src/runtime/entrypoints/signals.ts":{"bytesInOutput":0}},"bytes":89},"island-keytree.js":{"imports":[{"path":"chunk-KEBVS36P.js","kind":"import-statement"},{"path":"chunk-NXSVWVSW.js","kind":"import-statement"},{"path":"chunk-ED3BSDTT.js","kind":"import-statement"},{"path":"chunk-YHJEOYAX.js","kind":"import-statement"},{"path":"chunk-WPD3KBV7.js","kind":"import-statement"},{"path":"chunk-BLU3JEWT.js","kind":"import-statement"},{"path":"chunk-V7IMYVGJ.js","kind":"import-statement"}],"exports":["default"],"entryPoint":"islands/KeyTree.tsx","inputs":{"islands/KeyTree.tsx":{"bytesInOutput":584}},"bytes":880},"island-kvexplorer.js":{"imports":[{"path":"chunk-GUILRKLV.js","kind":"import-statement"},{"path":"chunk-KEBVS36P.js","kind":"import-statement"},{"path":"chunk-NXSVWVSW.js","kind":"import-statement"},{"path":"chunk-FV6CO4BX.js","kind":"import-statement"},{"path":"chunk-G357Z3YB.js","kind":"import-statement"},{"path":"chunk-GECN7HFK.js","kind":"import-statement"},{"path":"chunk-ED3BSDTT.js","kind":"import-statement"},{"path":"chunk-7G4YFQXT.js","kind":"import-statement"},{"path":"chunk-YHJEOYAX.js","kind":"import-statement"},{"path":"chunk-WPD3KBV7.js","kind":"import-statement"},{"path":"chunk-BLU3JEWT.js","kind":"import-statement"},{"path":"chunk-V7IMYVGJ.js","kind":"import-statement"}],"exports":["default"],"entryPoint":"islands/KvExplorer.tsx","inputs":{"https://jsr.io/@kitsonk/kv-toolbox/0.19.1/size_of.ts":{"bytesInOutput":23},"https://jsr.io/@kitsonk/kv-toolbox/0.19.1/blob.ts":{"bytesInOutput":399},"utils/formData.ts":{"bytesInOutput":1072},"components/Editor.tsx":{"bytesInOutput":4229},"components/EditorJson.tsx":{"bytesInOutput":48},"components/KvValueEditor.tsx":{"bytesInOutput":8122},"components/DialogAddEntry.tsx":{"bytesInOutput":4228},"components/DialogDeleteEntries.tsx":{"bytesInOutput":2316},"components/DialogExport.tsx":{"bytesInOutput":1803},"components/DialogImport.tsx":{"bytesInOutput":3423},"components/icons/Expand.tsx":{"bytesInOutput":188},"components/icons/RightArrow.tsx":{"bytesInOutput":193},"components/KvKeyList.tsx":{"bytesInOutput":896},"components/DialogDeleteEntry.tsx":{"bytesInOutput":2453},"components/DialogEditValue.tsx":{"bytesInOutput":3669},"components/icons/Observe.tsx":{"bytesInOutput":189},"components/KvEntry.tsx":{"bytesInOutput":2732},"islands/KvExplorer.tsx":{"bytesInOutput":3052}},"bytes":39685},"chunk-GUILRKLV.js":{"imports":[{"path":"chunk-NXSVWVSW.js","kind":"import-statement"},{"path":"chunk-FV6CO4BX.js","kind":"import-statement"},{"path":"chunk-YHJEOYAX.js","kind":"import-statement"},{"path":"chunk-WPD3KBV7.js","kind":"import-statement"},{"path":"chunk-BLU3JEWT.js","kind":"import-statement"},{"path":"chunk-V7IMYVGJ.js","kind":"import-statement"}],"exports":["a","b","c"],"inputs":{"components/icons/Home.tsx":{"bytesInOutput":185},"components/KvKey.tsx":{"bytesInOutput":629},"https://jsr.io/@std/html/1.0.3/entities.ts":{"bytesInOutput":313},"utils/highlight.ts":{"bytesInOutput":501},"https://jsr.io/@std/media-types/1.0.3/vendor/db.ts":{"bytesInOutput":141090},"https://jsr.io/@std/media-types/1.0.3/_db.ts":{"bytesInOutput":357},"https://jsr.io/@std/media-types/1.0.3/type_by_extension.ts":{"bytesInOutput":77},"https://jsr.io/@oak/commons/1.0.0/media_types.ts":{"bytesInOutput":1500},"components/icons/ArrowUpRight.tsx":{"bytesInOutput":195},"components/icons/Download.tsx":{"bytesInOutput":189},"components/BlobViewer.tsx":{"bytesInOutput":3072},"components/HexViewer.tsx":{"bytesInOutput":2396},"https://deno.land/std@0.216.0/fmt/colors.ts":{"bytesInOutput":555},"components/KvValue.tsx":{"bytesInOutput":3550}},"bytes":154890},"chunk-KEBVS36P.js":{"imports":[{"path":"chunk-NXSVWVSW.js","kind":"import-statement"},{"path":"chunk-YHJEOYAX.js","kind":"import-statement"},{"path":"chunk-WPD3KBV7.js","kind":"import-statement"},{"path":"chunk-BLU3JEWT.js","kind":"import-statement"},{"path":"chunk-V7IMYVGJ.js","kind":"import-statement"}],"exports":["a","b","c","d","e","f"],"inputs":{"components/Loader.tsx":{"bytesInOutput":386},"utils/tree_state.ts":{"bytesInOutput":1265},"components/icons/ExpandDownArrow.tsx":{"bytesInOutput":208},"components/icons/ExpandRightArrow.tsx":{"bytesInOutput":204},"components/tree_view/Toggle.tsx":{"bytesInOutput":211},"components/tree_view/Checkbox.tsx":{"bytesInOutput":340},"components/tree_view/TreeNodeLabel.tsx":{"bytesInOutput":221},"components/tree_view/TreeNode.tsx":{"bytesInOutput":271},"components/TreeView.tsx":{"bytesInOutput":304}},"bytes":3690},"chunk-NXSVWVSW.js":{"imports":[{"path":"chunk-YHJEOYAX.js","kind":"import-statement"}],"exports":["a","b","c","d"],"inputs":{"https://jsr.io/@std/path/1.0.6/_os.ts":{"bytesInOutput":148},"utils/kv.ts":{"bytesInOutput":688},"components/KvKeyPart.tsx":{"bytesInOutput":527}},"bytes":1443},"island-localcontrols.js":{"imports":[{"path":"chunk-24LN6ZKW.js","kind":"import-statement"},{"path":"chunk-GECN7HFK.js","kind":"import-statement"},{"path":"chunk-ED3BSDTT.js","kind":"import-statement"},{"path":"chunk-7G4YFQXT.js","kind":"import-statement"},{"path":"chunk-YHJEOYAX.js","kind":"import-statement"},{"path":"chunk-WPD3KBV7.js","kind":"import-statement"},{"path":"chunk-BLU3JEWT.js","kind":"import-statement"},{"path":"chunk-V7IMYVGJ.js","kind":"import-statement"}],"exports":["default"],"entryPoint":"islands/LocalControls.tsx","inputs":{"components/DialogDeleteLocal.tsx":{"bytesInOutput":2345},"islands/LocalControls.tsx":{"bytesInOutput":804}},"bytes":3469},"island-localkvlist.js":{"imports":[{"path":"chunk-FV6CO4BX.js","kind":"import-statement"},{"path":"chunk-24LN6ZKW.js","kind":"import-statement"},{"path":"chunk-7G4YFQXT.js","kind":"import-statement"},{"path":"chunk-YHJEOYAX.js","kind":"import-statement"},{"path":"chunk-WPD3KBV7.js","kind":"import-statement"},{"path":"chunk-BLU3JEWT.js","kind":"import-statement"},{"path":"chunk-V7IMYVGJ.js","kind":"import-statement"}],"exports":["default"],"entryPoint":"islands/LocalKvList.tsx","inputs":{"components/EditLabel.tsx":{"bytesInOutput":680},"components/icons/KV.tsx":{"bytesInOutput":186},"components/LocalKv.tsx":{"bytesInOutput":1133},"islands/LocalKvList.tsx":{"bytesInOutput":456}},"bytes":2785},"chunk-FV6CO4BX.js":{"imports":[],"exports":["a"],"inputs":{"https://jsr.io/@std/fmt/1.0.2/bytes.ts":{"bytesInOutput":874}},"bytes":890},"chunk-24LN6ZKW.js":{"imports":[{"path":"chunk-7G4YFQXT.js","kind":"import-statement"},{"path":"chunk-YHJEOYAX.js","kind":"import-statement"},{"path":"chunk-BLU3JEWT.js","kind":"import-statement"}],"exports":["a"],"inputs":{"components/DialogAddUpdateLocal.tsx":{"bytesInOutput":2421}},"bytes":2606},"island-remotecontrols.js":{"imports":[{"path":"chunk-H2MCSW6C.js","kind":"import-statement"},{"path":"chunk-G357Z3YB.js","kind":"import-statement"},{"path":"chunk-GECN7HFK.js","kind":"import-statement"},{"path":"chunk-ED3BSDTT.js","kind":"import-statement"},{"path":"chunk-7G4YFQXT.js","kind":"import-statement"},{"path":"chunk-YHJEOYAX.js","kind":"import-statement"},{"path":"chunk-WPD3KBV7.js","kind":"import-statement"},{"path":"chunk-BLU3JEWT.js","kind":"import-statement"},{"path":"chunk-V7IMYVGJ.js","kind":"import-statement"}],"exports":["default"],"entryPoint":"islands/RemoteControls.tsx","inputs":{"components/DialogDeleteRemote.tsx":{"bytesInOutput":2349},"islands/RemoteControls.tsx":{"bytesInOutput":780}},"bytes":3494},"chunk-H2MCSW6C.js":{"imports":[{"path":"chunk-GECN7HFK.js","kind":"import-statement"},{"path":"chunk-7G4YFQXT.js","kind":"import-statement"},{"path":"chunk-YHJEOYAX.js","kind":"import-statement"},{"path":"chunk-BLU3JEWT.js","kind":"import-statement"},{"path":"chunk-V7IMYVGJ.js","kind":"import-statement"}],"exports":["a"],"inputs":{"components/DialogAddUpdateRemote.tsx":{"bytesInOutput":5710}},"bytes":5982},"chunk-G357Z3YB.js":{"imports":[{"path":"chunk-GECN7HFK.js","kind":"import-statement"},{"path":"chunk-YHJEOYAX.js","kind":"import-statement"},{"path":"chunk-WPD3KBV7.js","kind":"import-statement"}],"exports":["a"],"inputs":{"components/Toast.tsx":{"bytesInOutput":2087},"components/Toaster.tsx":{"bytesInOutput":129}},"bytes":2352},"chunk-GECN7HFK.js":{"imports":[{"path":"chunk-ED3BSDTT.js","kind":"import-statement"},{"path":"chunk-BLU3JEWT.js","kind":"import-statement"}],"exports":["a","b","c","d"],"inputs":{"https://jsr.io/@std/crypto/1.0.3/timing_safe_equal.ts":{"bytesInOutput":286},"https://jsr.io/@kitsonk/kv-toolbox/0.19.1/blob_util.ts":{"bytesInOutput":11},"https://jsr.io/@kitsonk/kv-toolbox/0.19.1/keys.ts":{"bytesInOutput":241},"utils/remoteStores.ts":{"bytesInOutput":356},"utils/watches.ts":{"bytesInOutput":384},"utils/state.ts":{"bytesInOutput":436}},"bytes":1845},"chunk-ED3BSDTT.js":{"imports":[{"path":"chunk-YHJEOYAX.js","kind":"import-statement"}],"exports":["a","b"],"inputs":{"https://jsr.io/@kitsonk/kv-toolbox/0.19.1/json.ts":{"bytesInOutput":848}},"bytes":918},"chunk-7G4YFQXT.js":{"imports":[{"path":"chunk-YHJEOYAX.js","kind":"import-statement"},{"path":"chunk-WPD3KBV7.js","kind":"import-statement"},{"path":"chunk-BLU3JEWT.js","kind":"import-statement"}],"exports":["a","b","c","d","e","f","g","h"],"inputs":{"components/AddButton.tsx":{"bytesInOutput":359},"https://jsr.io/@std/assert/1.0.6/assertion_error.ts":{"bytesInOutput":83},"https://jsr.io/@std/assert/1.0.6/assert.ts":{"bytesInOutput":40},"components/Alert.tsx":{"bytesInOutput":977},"components/CloseButton.tsx":{"bytesInOutput":478},"utils/signals.ts":{"bytesInOutput":180},"components/Dialog.tsx":{"bytesInOutput":261},"components/Label.tsx":{"bytesInOutput":137}},"bytes":2714},"chunk-YHJEOYAX.js":{"imports":[{"path":"chunk-V7IMYVGJ.js","kind":"import-statement"}],"exports":["a","b","c"],"inputs":{"https://esm.sh/stable/preact@10.22.0/denonext/jsx-runtime.js":{"bytesInOutput":383},"https://esm.sh/preact@10.22.0/jsx-runtime":{"bytesInOutput":0},"https://deno.land/x/fresh@1.7.2/runtime.ts":{"bytesInOutput":0},"https://deno.land/x/fresh@1.7.2/src/runtime/head.ts":{"bytesInOutput":12},"https://deno.land/x/fresh@1.7.2/src/runtime/csp.ts":{"bytesInOutput":16},"https://deno.land/x/fresh@1.7.2/src/runtime/Partial.tsx":{"bytesInOutput":56},"https://jsr.io/@std/encoding/1.0.5/_validate_binary_like.ts":{"bytesInOutput":407},"https://jsr.io/@std/encoding/1.0.5/base64.ts":{"bytesInOutput":669},"https://jsr.io/@std/encoding/1.0.5/base64url.ts":{"bytesInOutput":576}},"bytes":2196},"chunk-WPD3KBV7.js":{"imports":[],"exports":["a","b","c","d"],"inputs":{"https://deno.land/x/fresh@1.7.2/src/runtime/build_id.ts":{"bytesInOutput":49},"https://deno.land/x/fresh@1.7.2/src/runtime/utils.ts":{"bytesInOutput":891}},"bytes":977},"chunk-BLU3JEWT.js":{"imports":[{"path":"chunk-V7IMYVGJ.js","kind":"import-statement"}],"exports":["a","b","c","d","e","f","g","h","i","j"],"inputs":{"https://esm.sh/v135/@preact/signals-core@1.5.1/X-ZS8q/denonext/signals-core.mjs":{"bytesInOutput":4054},"https://esm.sh/stable/preact@10.22.0/denonext/hooks.js":{"bytesInOutput":2009},"https://esm.sh/preact@10.22.0/hooks":{"bytesInOutput":0},"https://esm.sh/*@preact/signals-core@1.5.1":{"bytesInOutput":0},"https://esm.sh/v135/@preact/signals@1.2.2/X-ZS8q/denonext/signals.mjs":{"bytesInOutput":2260},"https://esm.sh/*@preact/signals@1.2.2":{"bytesInOutput":0}},"bytes":8462},"chunk-V7IMYVGJ.js":{"imports":[],"exports":["a","b","c","d","e","f","g"],"inputs":{"https://esm.sh/stable/preact@10.22.0/denonext/preact.mjs":{"bytesInOutput":10653},"https://esm.sh/preact@10.22.0":{"bytesInOutput":0}},"bytes":10715}}}