{
  "build_id": "00660720831513a4d713aeaad2b620a54c64ecb3",
  "files": {
    "island-remotekvlist.js": [
      "chunk-Q6ESQMAQ.js",
      "chunk-4I36RC4J.js",
      "chunk-AX2FU57F.js",
      "chunk-ZVRM4KGC.js",
      "chunk-UTYWZKZN.js",
      "chunk-ZV6JJ6LD.js",
      "chunk-F4ENWM7J.js",
      "chunk-FTNDH6CL.js",
      "chunk-BLU3JEWT.js",
      "chunk-V7IMYVGJ.js"
    ],
    "island-watches.js": [
      "chunk-BQQKTQZF.js",
      "chunk-MMVXXLDY.js",
      "chunk-FV6CO4BX.js",
      "chunk-Q6ESQMAQ.js",
      "chunk-4I36RC4J.js",
      "chunk-ZVRM4KGC.js",
      "chunk-UTYWZKZN.js",
      "chunk-ZV6JJ6LD.js",
      "chunk-FTNDH6CL.js",
      "chunk-BLU3JEWT.js",
      "chunk-V7IMYVGJ.js"
    ],
    "main.js": [
      "chunk-4I36RC4J.js",
      "chunk-V7IMYVGJ.js"
    ],
    "deserializer.js": [],
    "signals.js": [
      "chunk-BLU3JEWT.js",
      "chunk-V7IMYVGJ.js"
    ],
    "island-keytree.js": [
      "chunk-CHW5KOVR.js",
      "chunk-MMVXXLDY.js",
      "chunk-Q6ESQMAQ.js",
      "chunk-4I36RC4J.js",
      "chunk-ZV6JJ6LD.js",
      "chunk-FTNDH6CL.js",
      "chunk-BLU3JEWT.js",
      "chunk-V7IMYVGJ.js"
    ],
    "island-kvexplorer.js": [
      "chunk-BQQKTQZF.js",
      "chunk-CHW5KOVR.js",
      "chunk-MMVXXLDY.js",
      "chunk-FV6CO4BX.js",
      "chunk-Q6ESQMAQ.js",
      "chunk-4I36RC4J.js",
      "chunk-ZVRM4KGC.js",
      "chunk-UTYWZKZN.js",
      "chunk-ZV6JJ6LD.js",
      "chunk-F4ENWM7J.js",
      "chunk-FTNDH6CL.js",
      "chunk-BLU3JEWT.js",
      "chunk-V7IMYVGJ.js"
    ],
    "chunk-BQQKTQZF.js": [
      "chunk-MMVXXLDY.js",
      "chunk-FV6CO4BX.js",
      "chunk-4I36RC4J.js",
      "chunk-FTNDH6CL.js",
      "chunk-BLU3JEWT.js",
      "chunk-V7IMYVGJ.js"
    ],
    "chunk-CHW5KOVR.js": [
      "chunk-MMVXXLDY.js",
      "chunk-4I36RC4J.js",
      "chunk-FTNDH6CL.js",
      "chunk-BLU3JEWT.js",
      "chunk-V7IMYVGJ.js"
    ],
    "chunk-MMVXXLDY.js": [
      "chunk-FTNDH6CL.js"
    ],
    "island-localcontrols.js": [
      "chunk-MKKRUQ4S.js",
      "chunk-UTYWZKZN.js",
      "chunk-ZV6JJ6LD.js",
      "chunk-F4ENWM7J.js",
      "chunk-FTNDH6CL.js",
      "chunk-BLU3JEWT.js",
      "chunk-V7IMYVGJ.js"
    ],
    "island-localkvlist.js": [
      "chunk-FV6CO4BX.js",
      "chunk-Q6ESQMAQ.js",
      "chunk-4I36RC4J.js",
      "chunk-MKKRUQ4S.js",
      "chunk-F4ENWM7J.js",
      "chunk-FTNDH6CL.js",
      "chunk-BLU3JEWT.js",
      "chunk-V7IMYVGJ.js"
    ],
    "chunk-FV6CO4BX.js": [],
    "chunk-Q6ESQMAQ.js": [
      "chunk-V7IMYVGJ.js"
    ],
    "chunk-4I36RC4J.js": [],
    "chunk-MKKRUQ4S.js": [
      "chunk-F4ENWM7J.js",
      "chunk-FTNDH6CL.js",
      "chunk-BLU3JEWT.js"
    ],
    "island-remotecontrols.js": [
      "chunk-AX2FU57F.js",
      "chunk-ZVRM4KGC.js",
      "chunk-UTYWZKZN.js",
      "chunk-ZV6JJ6LD.js",
      "chunk-F4ENWM7J.js",
      "chunk-FTNDH6CL.js",
      "chunk-BLU3JEWT.js",
      "chunk-V7IMYVGJ.js"
    ],
    "chunk-AX2FU57F.js": [
      "chunk-UTYWZKZN.js",
      "chunk-F4ENWM7J.js",
      "chunk-FTNDH6CL.js",
      "chunk-BLU3JEWT.js",
      "chunk-V7IMYVGJ.js"
    ],
    "chunk-ZVRM4KGC.js": [
      "chunk-UTYWZKZN.js",
      "chunk-FTNDH6CL.js"
    ],
    "chunk-UTYWZKZN.js": [
      "chunk-ZV6JJ6LD.js",
      "chunk-BLU3JEWT.js"
    ],
    "chunk-ZV6JJ6LD.js": [
      "chunk-FTNDH6CL.js"
    ],
    "chunk-F4ENWM7J.js": [
      "chunk-FTNDH6CL.js",
      "chunk-BLU3JEWT.js"
    ],
    "chunk-FTNDH6CL.js": [
      "chunk-V7IMYVGJ.js"
    ],
    "chunk-BLU3JEWT.js": [
      "chunk-V7IMYVGJ.js"
    ],
    "chunk-V7IMYVGJ.js": [],
    "metafile.json": []
  }
}