{
  "build_id": "ecc8a27ed07e809219b73e000ead40e00f1fc6b1",
  "files": {
    "island-remotekvlist.js": [
      "chunk-M2D3ZEMH.js",
      "chunk-5CFJMRKP.js",
      "chunk-GGM2I3UO.js",
      "chunk-J3XWRTOX.js",
      "chunk-OB2FJWFS.js",
      "chunk-TJ55WERY.js",
      "chunk-HQ6JOK2O.js",
      "chunk-A24ONYSU.js",
      "chunk-4C7GSA6N.js",
      "chunk-JG7V63GM.js"
    ],
    "island-watches.js": [
      "chunk-MLACIHNB.js",
      "chunk-4TG7HONN.js",
      "chunk-6QOSJNPS.js",
      "chunk-5CFJMRKP.js",
      "chunk-GGM2I3UO.js",
      "chunk-J3XWRTOX.js",
      "chunk-TJ55WERY.js",
      "chunk-HQ6JOK2O.js",
      "chunk-A24ONYSU.js",
      "chunk-4C7GSA6N.js",
      "chunk-JG7V63GM.js"
    ],
    "main.js": [
      "chunk-HQ6JOK2O.js",
      "chunk-4C7GSA6N.js",
      "chunk-JG7V63GM.js"
    ],
    "deserializer.js": [
      "chunk-JG7V63GM.js"
    ],
    "signals.js": [
      "chunk-A24ONYSU.js",
      "chunk-4C7GSA6N.js",
      "chunk-JG7V63GM.js"
    ],
    "island-keytree.js": [
      "chunk-GAMVUERE.js",
      "chunk-4TG7HONN.js",
      "chunk-J3XWRTOX.js",
      "chunk-TJ55WERY.js",
      "chunk-HQ6JOK2O.js",
      "chunk-A24ONYSU.js",
      "chunk-4C7GSA6N.js",
      "chunk-JG7V63GM.js"
    ],
    "island-kvexplorer.js": [
      "chunk-MLACIHNB.js",
      "chunk-GAMVUERE.js",
      "chunk-4TG7HONN.js",
      "chunk-6QOSJNPS.js",
      "chunk-5CFJMRKP.js",
      "chunk-GGM2I3UO.js",
      "chunk-J3XWRTOX.js",
      "chunk-OB2FJWFS.js",
      "chunk-TJ55WERY.js",
      "chunk-HQ6JOK2O.js",
      "chunk-A24ONYSU.js",
      "chunk-4C7GSA6N.js",
      "chunk-JG7V63GM.js"
    ],
    "chunk-MLACIHNB.js": [
      "chunk-4TG7HONN.js",
      "chunk-6QOSJNPS.js",
      "chunk-J3XWRTOX.js",
      "chunk-TJ55WERY.js",
      "chunk-HQ6JOK2O.js",
      "chunk-A24ONYSU.js",
      "chunk-4C7GSA6N.js"
    ],
    "chunk-GAMVUERE.js": [
      "chunk-4TG7HONN.js",
      "chunk-TJ55WERY.js",
      "chunk-HQ6JOK2O.js",
      "chunk-A24ONYSU.js",
      "chunk-4C7GSA6N.js"
    ],
    "chunk-4TG7HONN.js": [
      "chunk-TJ55WERY.js",
      "chunk-JG7V63GM.js"
    ],
    "island-localcontrols.js": [
      "chunk-CI56ZKA7.js",
      "chunk-GGM2I3UO.js",
      "chunk-J3XWRTOX.js",
      "chunk-OB2FJWFS.js",
      "chunk-TJ55WERY.js",
      "chunk-HQ6JOK2O.js",
      "chunk-A24ONYSU.js",
      "chunk-4C7GSA6N.js",
      "chunk-JG7V63GM.js"
    ],
    "island-localkvlist.js": [
      "chunk-6QOSJNPS.js",
      "chunk-CI56ZKA7.js",
      "chunk-OB2FJWFS.js",
      "chunk-TJ55WERY.js",
      "chunk-HQ6JOK2O.js",
      "chunk-A24ONYSU.js",
      "chunk-4C7GSA6N.js",
      "chunk-JG7V63GM.js"
    ],
    "chunk-6QOSJNPS.js": [],
    "chunk-CI56ZKA7.js": [
      "chunk-OB2FJWFS.js",
      "chunk-TJ55WERY.js",
      "chunk-A24ONYSU.js"
    ],
    "island-remotecontrols.js": [
      "chunk-M2D3ZEMH.js",
      "chunk-5CFJMRKP.js",
      "chunk-GGM2I3UO.js",
      "chunk-J3XWRTOX.js",
      "chunk-OB2FJWFS.js",
      "chunk-TJ55WERY.js",
      "chunk-HQ6JOK2O.js",
      "chunk-A24ONYSU.js",
      "chunk-4C7GSA6N.js",
      "chunk-JG7V63GM.js"
    ],
    "chunk-M2D3ZEMH.js": [
      "chunk-GGM2I3UO.js",
      "chunk-OB2FJWFS.js",
      "chunk-TJ55WERY.js",
      "chunk-A24ONYSU.js",
      "chunk-4C7GSA6N.js"
    ],
    "chunk-5CFJMRKP.js": [
      "chunk-GGM2I3UO.js",
      "chunk-TJ55WERY.js",
      "chunk-HQ6JOK2O.js"
    ],
    "chunk-GGM2I3UO.js": [
      "chunk-J3XWRTOX.js",
      "chunk-A24ONYSU.js"
    ],
    "chunk-J3XWRTOX.js": [
      "chunk-TJ55WERY.js"
    ],
    "chunk-OB2FJWFS.js": [
      "chunk-TJ55WERY.js",
      "chunk-HQ6JOK2O.js",
      "chunk-A24ONYSU.js"
    ],
    "chunk-TJ55WERY.js": [
      "chunk-4C7GSA6N.js"
    ],
    "chunk-HQ6JOK2O.js": [],
    "chunk-A24ONYSU.js": [
      "chunk-4C7GSA6N.js"
    ],
    "chunk-4C7GSA6N.js": [],
    "chunk-JG7V63GM.js": [],
    "metafile.json": []
  }
}