{
  "build_id": "36024854ff51afb5d1aaa1422024f149567e6713",
  "files": {
    "island-remotekvlist.js": [
      "chunk-BBQWJ5DR.js",
      "chunk-YREG3JC4.js",
      "chunk-GGM2I3UO.js",
      "chunk-J3XWRTOX.js",
      "chunk-EJFGILEM.js",
      "chunk-TJ55WERY.js",
      "chunk-WSLHC34J.js",
      "chunk-A24ONYSU.js",
      "chunk-4C7GSA6N.js",
      "chunk-JG7V63GM.js"
    ],
    "island-watches.js": [
      "chunk-G2V5QIAX.js",
      "chunk-4TG7HONN.js",
      "chunk-6QOSJNPS.js",
      "chunk-YREG3JC4.js",
      "chunk-GGM2I3UO.js",
      "chunk-J3XWRTOX.js",
      "chunk-TJ55WERY.js",
      "chunk-WSLHC34J.js",
      "chunk-A24ONYSU.js",
      "chunk-4C7GSA6N.js",
      "chunk-JG7V63GM.js"
    ],
    "main.js": [
      "chunk-WSLHC34J.js",
      "chunk-4C7GSA6N.js",
      "chunk-JG7V63GM.js"
    ],
    "deserializer.js": [
      "chunk-JG7V63GM.js"
    ],
    "signals.js": [
      "chunk-A24ONYSU.js",
      "chunk-4C7GSA6N.js",
      "chunk-JG7V63GM.js"
    ],
    "island-keytree.js": [
      "chunk-MJGJP7WG.js",
      "chunk-4TG7HONN.js",
      "chunk-J3XWRTOX.js",
      "chunk-TJ55WERY.js",
      "chunk-WSLHC34J.js",
      "chunk-A24ONYSU.js",
      "chunk-4C7GSA6N.js",
      "chunk-JG7V63GM.js"
    ],
    "island-kvexplorer.js": [
      "chunk-G2V5QIAX.js",
      "chunk-MJGJP7WG.js",
      "chunk-4TG7HONN.js",
      "chunk-6QOSJNPS.js",
      "chunk-YREG3JC4.js",
      "chunk-GGM2I3UO.js",
      "chunk-J3XWRTOX.js",
      "chunk-EJFGILEM.js",
      "chunk-TJ55WERY.js",
      "chunk-WSLHC34J.js",
      "chunk-A24ONYSU.js",
      "chunk-4C7GSA6N.js",
      "chunk-JG7V63GM.js"
    ],
    "chunk-G2V5QIAX.js": [
      "chunk-4TG7HONN.js",
      "chunk-6QOSJNPS.js",
      "chunk-J3XWRTOX.js",
      "chunk-TJ55WERY.js",
      "chunk-WSLHC34J.js",
      "chunk-A24ONYSU.js",
      "chunk-4C7GSA6N.js"
    ],
    "chunk-MJGJP7WG.js": [
      "chunk-4TG7HONN.js",
      "chunk-TJ55WERY.js",
      "chunk-WSLHC34J.js",
      "chunk-A24ONYSU.js",
      "chunk-4C7GSA6N.js"
    ],
    "chunk-4TG7HONN.js": [
      "chunk-TJ55WERY.js",
      "chunk-JG7V63GM.js"
    ],
    "island-localcontrols.js": [
      "chunk-5K3Q3JCR.js",
      "chunk-GGM2I3UO.js",
      "chunk-J3XWRTOX.js",
      "chunk-EJFGILEM.js",
      "chunk-TJ55WERY.js",
      "chunk-WSLHC34J.js",
      "chunk-A24ONYSU.js",
      "chunk-4C7GSA6N.js",
      "chunk-JG7V63GM.js"
    ],
    "island-localkvlist.js": [
      "chunk-6QOSJNPS.js",
      "chunk-5K3Q3JCR.js",
      "chunk-EJFGILEM.js",
      "chunk-TJ55WERY.js",
      "chunk-WSLHC34J.js",
      "chunk-A24ONYSU.js",
      "chunk-4C7GSA6N.js",
      "chunk-JG7V63GM.js"
    ],
    "chunk-6QOSJNPS.js": [],
    "chunk-5K3Q3JCR.js": [
      "chunk-EJFGILEM.js",
      "chunk-TJ55WERY.js",
      "chunk-A24ONYSU.js"
    ],
    "island-remotecontrols.js": [
      "chunk-BBQWJ5DR.js",
      "chunk-YREG3JC4.js",
      "chunk-GGM2I3UO.js",
      "chunk-J3XWRTOX.js",
      "chunk-EJFGILEM.js",
      "chunk-TJ55WERY.js",
      "chunk-WSLHC34J.js",
      "chunk-A24ONYSU.js",
      "chunk-4C7GSA6N.js",
      "chunk-JG7V63GM.js"
    ],
    "chunk-BBQWJ5DR.js": [
      "chunk-GGM2I3UO.js",
      "chunk-EJFGILEM.js",
      "chunk-TJ55WERY.js",
      "chunk-A24ONYSU.js",
      "chunk-4C7GSA6N.js"
    ],
    "chunk-YREG3JC4.js": [
      "chunk-GGM2I3UO.js",
      "chunk-TJ55WERY.js",
      "chunk-WSLHC34J.js"
    ],
    "chunk-GGM2I3UO.js": [
      "chunk-J3XWRTOX.js",
      "chunk-A24ONYSU.js"
    ],
    "chunk-J3XWRTOX.js": [
      "chunk-TJ55WERY.js"
    ],
    "chunk-EJFGILEM.js": [
      "chunk-TJ55WERY.js",
      "chunk-WSLHC34J.js",
      "chunk-A24ONYSU.js"
    ],
    "chunk-TJ55WERY.js": [
      "chunk-4C7GSA6N.js"
    ],
    "chunk-WSLHC34J.js": [],
    "chunk-A24ONYSU.js": [
      "chunk-4C7GSA6N.js"
    ],
    "chunk-4C7GSA6N.js": [],
    "chunk-JG7V63GM.js": [],
    "metafile.json": []
  }
}