{
  "build_id": "0cc20521f49a9453825d1c25f31b59ec46e0792b",
  "files": {
    "island-remotecontrols.js": [
      "chunk-NCFFUDEY.js",
      "chunk-66CVE564.js",
      "chunk-LSVPFQJU.js",
      "chunk-WYURASX4.js",
      "chunk-OCMG56FP.js",
      "chunk-MFRRZORF.js",
      "chunk-DN4LUD63.js",
      "chunk-DJTZEIO7.js",
      "chunk-JPCB5LYH.js",
      "chunk-RRKPLD6M.js",
      "chunk-JG7V63GM.js"
    ],
    "island-remotekvlist.js": [
      "chunk-NCFFUDEY.js",
      "chunk-66CVE564.js",
      "chunk-LSVPFQJU.js",
      "chunk-WYURASX4.js",
      "chunk-OCMG56FP.js",
      "chunk-MFRRZORF.js",
      "chunk-DN4LUD63.js",
      "chunk-DJTZEIO7.js",
      "chunk-JPCB5LYH.js",
      "chunk-RRKPLD6M.js",
      "chunk-JG7V63GM.js"
    ],
    "chunk-NCFFUDEY.js": [
      "chunk-LSVPFQJU.js",
      "chunk-OCMG56FP.js",
      "chunk-MFRRZORF.js",
      "chunk-DN4LUD63.js",
      "chunk-JPCB5LYH.js",
      "chunk-RRKPLD6M.js"
    ],
    "island-watches.js": [
      "chunk-LTBTIULW.js",
      "chunk-66CVE564.js",
      "chunk-R4SGXNJY.js",
      "chunk-LSVPFQJU.js",
      "chunk-WYURASX4.js",
      "chunk-JW7LZ3IX.js",
      "chunk-MFRRZORF.js",
      "chunk-E6H4VBQ2.js",
      "chunk-DN4LUD63.js",
      "chunk-DJTZEIO7.js",
      "chunk-JPCB5LYH.js",
      "chunk-RRKPLD6M.js",
      "chunk-JG7V63GM.js"
    ],
    "main.js": [
      "chunk-DJTZEIO7.js",
      "chunk-RRKPLD6M.js",
      "chunk-JG7V63GM.js"
    ],
    "deserializer.js": [
      "chunk-JG7V63GM.js"
    ],
    "signals.js": [
      "chunk-JPCB5LYH.js",
      "chunk-RRKPLD6M.js",
      "chunk-JG7V63GM.js"
    ],
    "island-keytree.js": [
      "chunk-VOBMZNZD.js",
      "chunk-R4SGXNJY.js",
      "chunk-WYURASX4.js",
      "chunk-MFRRZORF.js",
      "chunk-MRUPT4MA.js",
      "chunk-DN4LUD63.js",
      "chunk-DJTZEIO7.js",
      "chunk-JPCB5LYH.js",
      "chunk-RRKPLD6M.js",
      "chunk-JG7V63GM.js"
    ],
    "island-kvexplorer.js": [
      "chunk-LTBTIULW.js",
      "chunk-66CVE564.js",
      "chunk-VOBMZNZD.js",
      "chunk-R4SGXNJY.js",
      "chunk-LSVPFQJU.js",
      "chunk-WYURASX4.js",
      "chunk-JW7LZ3IX.js",
      "chunk-OCMG56FP.js",
      "chunk-MFRRZORF.js",
      "chunk-5ZOG2DXL.js",
      "chunk-E6H4VBQ2.js",
      "chunk-MRUPT4MA.js",
      "chunk-DN4LUD63.js",
      "chunk-DJTZEIO7.js",
      "chunk-JPCB5LYH.js",
      "chunk-RRKPLD6M.js",
      "chunk-JG7V63GM.js"
    ],
    "chunk-LTBTIULW.js": [
      "chunk-R4SGXNJY.js",
      "chunk-WYURASX4.js",
      "chunk-JW7LZ3IX.js",
      "chunk-MFRRZORF.js",
      "chunk-DN4LUD63.js",
      "chunk-DJTZEIO7.js",
      "chunk-JPCB5LYH.js",
      "chunk-RRKPLD6M.js"
    ],
    "chunk-66CVE564.js": [
      "chunk-LSVPFQJU.js",
      "chunk-DN4LUD63.js",
      "chunk-DJTZEIO7.js"
    ],
    "chunk-VOBMZNZD.js": [
      "chunk-R4SGXNJY.js",
      "chunk-MRUPT4MA.js",
      "chunk-DN4LUD63.js",
      "chunk-JPCB5LYH.js",
      "chunk-RRKPLD6M.js"
    ],
    "chunk-R4SGXNJY.js": [
      "chunk-DN4LUD63.js",
      "chunk-JG7V63GM.js"
    ],
    "island-localcontrols.js": [
      "chunk-LSVPFQJU.js",
      "chunk-WYURASX4.js",
      "chunk-KS3I6ZNS.js",
      "chunk-OCMG56FP.js",
      "chunk-MFRRZORF.js",
      "chunk-DN4LUD63.js",
      "chunk-DJTZEIO7.js",
      "chunk-JPCB5LYH.js",
      "chunk-RRKPLD6M.js",
      "chunk-JG7V63GM.js"
    ],
    "chunk-LSVPFQJU.js": [
      "chunk-WYURASX4.js",
      "chunk-JPCB5LYH.js"
    ],
    "chunk-WYURASX4.js": [
      "chunk-MFRRZORF.js"
    ],
    "island-localkvlist.js": [
      "chunk-JW7LZ3IX.js",
      "chunk-KS3I6ZNS.js",
      "chunk-OCMG56FP.js",
      "chunk-MFRRZORF.js",
      "chunk-DN4LUD63.js",
      "chunk-DJTZEIO7.js",
      "chunk-JPCB5LYH.js",
      "chunk-RRKPLD6M.js",
      "chunk-JG7V63GM.js"
    ],
    "chunk-JW7LZ3IX.js": [],
    "chunk-KS3I6ZNS.js": [
      "chunk-OCMG56FP.js",
      "chunk-MFRRZORF.js",
      "chunk-DN4LUD63.js",
      "chunk-JPCB5LYH.js"
    ],
    "chunk-OCMG56FP.js": [
      "chunk-DN4LUD63.js",
      "chunk-DJTZEIO7.js",
      "chunk-JPCB5LYH.js"
    ],
    "chunk-MFRRZORF.js": [],
    "island-objecteditor.js": [
      "chunk-5ZOG2DXL.js",
      "chunk-E6H4VBQ2.js",
      "chunk-MRUPT4MA.js",
      "chunk-DN4LUD63.js",
      "chunk-DJTZEIO7.js",
      "chunk-JPCB5LYH.js",
      "chunk-RRKPLD6M.js",
      "chunk-JG7V63GM.js"
    ],
    "chunk-5ZOG2DXL.js": [
      "chunk-DN4LUD63.js",
      "chunk-DJTZEIO7.js"
    ],
    "chunk-E6H4VBQ2.js": [
      "chunk-DN4LUD63.js",
      "chunk-DJTZEIO7.js"
    ],
    "chunk-MRUPT4MA.js": [
      "chunk-DN4LUD63.js",
      "chunk-DJTZEIO7.js"
    ],
    "chunk-DN4LUD63.js": [
      "chunk-RRKPLD6M.js"
    ],
    "chunk-DJTZEIO7.js": [],
    "chunk-JPCB5LYH.js": [
      "chunk-RRKPLD6M.js"
    ],
    "chunk-RRKPLD6M.js": [],
    "chunk-JG7V63GM.js": [],
    "metafile.json": []
  }
}