{
  "build_id": "e6b9bcd848bc1bc75a32265e6cef3024907856da",
  "files": {
    "island-remotekvlist.js": [
      "chunk-XHDU6ELA.js",
      "chunk-RJVP736R.js",
      "chunk-YYUWJBO6.js",
      "chunk-O6TZOFTG.js",
      "chunk-7S5RBMHG.js",
      "chunk-GHPRVNAX.js",
      "chunk-UPNNDQF6.js",
      "chunk-IV6JI2P2.js",
      "chunk-J45Z2KA2.js",
      "chunk-JG7V63GM.js"
    ],
    "island-watches.js": [
      "chunk-OPJHINYT.js",
      "chunk-2WKMHSCR.js",
      "chunk-6QOSJNPS.js",
      "chunk-RJVP736R.js",
      "chunk-YYUWJBO6.js",
      "chunk-O6TZOFTG.js",
      "chunk-GHPRVNAX.js",
      "chunk-UPNNDQF6.js",
      "chunk-IV6JI2P2.js",
      "chunk-J45Z2KA2.js",
      "chunk-JG7V63GM.js"
    ],
    "main.js": [
      "chunk-UPNNDQF6.js",
      "chunk-J45Z2KA2.js",
      "chunk-JG7V63GM.js"
    ],
    "deserializer.js": [
      "chunk-JG7V63GM.js"
    ],
    "signals.js": [
      "chunk-IV6JI2P2.js",
      "chunk-J45Z2KA2.js",
      "chunk-JG7V63GM.js"
    ],
    "island-keytree.js": [
      "chunk-7AS5YKD3.js",
      "chunk-2WKMHSCR.js",
      "chunk-O6TZOFTG.js",
      "chunk-GHPRVNAX.js",
      "chunk-UPNNDQF6.js",
      "chunk-IV6JI2P2.js",
      "chunk-J45Z2KA2.js",
      "chunk-JG7V63GM.js"
    ],
    "island-kvexplorer.js": [
      "chunk-OPJHINYT.js",
      "chunk-7AS5YKD3.js",
      "chunk-2WKMHSCR.js",
      "chunk-6QOSJNPS.js",
      "chunk-RJVP736R.js",
      "chunk-YYUWJBO6.js",
      "chunk-O6TZOFTG.js",
      "chunk-7S5RBMHG.js",
      "chunk-GHPRVNAX.js",
      "chunk-UPNNDQF6.js",
      "chunk-IV6JI2P2.js",
      "chunk-J45Z2KA2.js",
      "chunk-JG7V63GM.js"
    ],
    "chunk-OPJHINYT.js": [
      "chunk-2WKMHSCR.js",
      "chunk-6QOSJNPS.js",
      "chunk-O6TZOFTG.js",
      "chunk-GHPRVNAX.js",
      "chunk-UPNNDQF6.js",
      "chunk-IV6JI2P2.js",
      "chunk-J45Z2KA2.js"
    ],
    "chunk-7AS5YKD3.js": [
      "chunk-2WKMHSCR.js",
      "chunk-GHPRVNAX.js",
      "chunk-UPNNDQF6.js",
      "chunk-IV6JI2P2.js",
      "chunk-J45Z2KA2.js"
    ],
    "chunk-2WKMHSCR.js": [
      "chunk-GHPRVNAX.js",
      "chunk-JG7V63GM.js"
    ],
    "island-localcontrols.js": [
      "chunk-OPHDKGQW.js",
      "chunk-YYUWJBO6.js",
      "chunk-O6TZOFTG.js",
      "chunk-7S5RBMHG.js",
      "chunk-GHPRVNAX.js",
      "chunk-UPNNDQF6.js",
      "chunk-IV6JI2P2.js",
      "chunk-J45Z2KA2.js",
      "chunk-JG7V63GM.js"
    ],
    "island-localkvlist.js": [
      "chunk-6QOSJNPS.js",
      "chunk-OPHDKGQW.js",
      "chunk-7S5RBMHG.js",
      "chunk-GHPRVNAX.js",
      "chunk-UPNNDQF6.js",
      "chunk-IV6JI2P2.js",
      "chunk-J45Z2KA2.js",
      "chunk-JG7V63GM.js"
    ],
    "chunk-6QOSJNPS.js": [],
    "chunk-OPHDKGQW.js": [
      "chunk-7S5RBMHG.js",
      "chunk-GHPRVNAX.js",
      "chunk-IV6JI2P2.js"
    ],
    "island-remotecontrols.js": [
      "chunk-XHDU6ELA.js",
      "chunk-RJVP736R.js",
      "chunk-YYUWJBO6.js",
      "chunk-O6TZOFTG.js",
      "chunk-7S5RBMHG.js",
      "chunk-GHPRVNAX.js",
      "chunk-UPNNDQF6.js",
      "chunk-IV6JI2P2.js",
      "chunk-J45Z2KA2.js",
      "chunk-JG7V63GM.js"
    ],
    "chunk-XHDU6ELA.js": [
      "chunk-YYUWJBO6.js",
      "chunk-7S5RBMHG.js",
      "chunk-GHPRVNAX.js",
      "chunk-IV6JI2P2.js",
      "chunk-J45Z2KA2.js"
    ],
    "chunk-RJVP736R.js": [
      "chunk-YYUWJBO6.js",
      "chunk-GHPRVNAX.js",
      "chunk-UPNNDQF6.js"
    ],
    "chunk-YYUWJBO6.js": [
      "chunk-O6TZOFTG.js",
      "chunk-IV6JI2P2.js"
    ],
    "chunk-O6TZOFTG.js": [
      "chunk-GHPRVNAX.js"
    ],
    "chunk-7S5RBMHG.js": [
      "chunk-GHPRVNAX.js",
      "chunk-UPNNDQF6.js",
      "chunk-IV6JI2P2.js"
    ],
    "chunk-GHPRVNAX.js": [
      "chunk-J45Z2KA2.js"
    ],
    "chunk-UPNNDQF6.js": [],
    "chunk-IV6JI2P2.js": [
      "chunk-J45Z2KA2.js"
    ],
    "chunk-J45Z2KA2.js": [],
    "chunk-JG7V63GM.js": [],
    "metafile.json": []
  }
}