{
  "build_id": "5a0c475f905eae53837fc78eee63d653af08042a",
  "files": {
    "island-remotekvlist.js": [
      "chunk-B7267F3J.js",
      "chunk-7RL6FRLB.js",
      "chunk-GECN7HFK.js",
      "chunk-ED3BSDTT.js",
      "chunk-FW4GMBZL.js",
      "chunk-YHJEOYAX.js",
      "chunk-CEPO5PGS.js",
      "chunk-BLU3JEWT.js",
      "chunk-V7IMYVGJ.js"
    ],
    "island-watches.js": [
      "chunk-YAZI2RHJ.js",
      "chunk-NXSVWVSW.js",
      "chunk-FV6CO4BX.js",
      "chunk-7RL6FRLB.js",
      "chunk-GECN7HFK.js",
      "chunk-ED3BSDTT.js",
      "chunk-YHJEOYAX.js",
      "chunk-CEPO5PGS.js",
      "chunk-BLU3JEWT.js",
      "chunk-V7IMYVGJ.js"
    ],
    "main.js": [
      "chunk-CEPO5PGS.js",
      "chunk-V7IMYVGJ.js"
    ],
    "deserializer.js": [],
    "signals.js": [
      "chunk-BLU3JEWT.js",
      "chunk-V7IMYVGJ.js"
    ],
    "island-keytree.js": [
      "chunk-IX3H2UWP.js",
      "chunk-NXSVWVSW.js",
      "chunk-ED3BSDTT.js",
      "chunk-YHJEOYAX.js",
      "chunk-CEPO5PGS.js",
      "chunk-BLU3JEWT.js",
      "chunk-V7IMYVGJ.js"
    ],
    "island-kvexplorer.js": [
      "chunk-YAZI2RHJ.js",
      "chunk-IX3H2UWP.js",
      "chunk-NXSVWVSW.js",
      "chunk-FV6CO4BX.js",
      "chunk-7RL6FRLB.js",
      "chunk-GECN7HFK.js",
      "chunk-ED3BSDTT.js",
      "chunk-FW4GMBZL.js",
      "chunk-YHJEOYAX.js",
      "chunk-CEPO5PGS.js",
      "chunk-BLU3JEWT.js",
      "chunk-V7IMYVGJ.js"
    ],
    "chunk-YAZI2RHJ.js": [
      "chunk-NXSVWVSW.js",
      "chunk-FV6CO4BX.js",
      "chunk-YHJEOYAX.js",
      "chunk-CEPO5PGS.js",
      "chunk-BLU3JEWT.js",
      "chunk-V7IMYVGJ.js"
    ],
    "chunk-IX3H2UWP.js": [
      "chunk-NXSVWVSW.js",
      "chunk-YHJEOYAX.js",
      "chunk-CEPO5PGS.js",
      "chunk-BLU3JEWT.js",
      "chunk-V7IMYVGJ.js"
    ],
    "chunk-NXSVWVSW.js": [
      "chunk-YHJEOYAX.js"
    ],
    "island-localcontrols.js": [
      "chunk-2CLYNL5I.js",
      "chunk-GECN7HFK.js",
      "chunk-ED3BSDTT.js",
      "chunk-FW4GMBZL.js",
      "chunk-YHJEOYAX.js",
      "chunk-CEPO5PGS.js",
      "chunk-BLU3JEWT.js",
      "chunk-V7IMYVGJ.js"
    ],
    "island-localkvlist.js": [
      "chunk-FV6CO4BX.js",
      "chunk-2CLYNL5I.js",
      "chunk-FW4GMBZL.js",
      "chunk-YHJEOYAX.js",
      "chunk-CEPO5PGS.js",
      "chunk-BLU3JEWT.js",
      "chunk-V7IMYVGJ.js"
    ],
    "chunk-FV6CO4BX.js": [],
    "chunk-2CLYNL5I.js": [
      "chunk-FW4GMBZL.js",
      "chunk-YHJEOYAX.js",
      "chunk-BLU3JEWT.js"
    ],
    "island-remotecontrols.js": [
      "chunk-B7267F3J.js",
      "chunk-7RL6FRLB.js",
      "chunk-GECN7HFK.js",
      "chunk-ED3BSDTT.js",
      "chunk-FW4GMBZL.js",
      "chunk-YHJEOYAX.js",
      "chunk-CEPO5PGS.js",
      "chunk-BLU3JEWT.js",
      "chunk-V7IMYVGJ.js"
    ],
    "chunk-B7267F3J.js": [
      "chunk-GECN7HFK.js",
      "chunk-FW4GMBZL.js",
      "chunk-YHJEOYAX.js",
      "chunk-BLU3JEWT.js",
      "chunk-V7IMYVGJ.js"
    ],
    "chunk-7RL6FRLB.js": [
      "chunk-GECN7HFK.js",
      "chunk-YHJEOYAX.js",
      "chunk-CEPO5PGS.js"
    ],
    "chunk-GECN7HFK.js": [
      "chunk-ED3BSDTT.js",
      "chunk-BLU3JEWT.js"
    ],
    "chunk-ED3BSDTT.js": [
      "chunk-YHJEOYAX.js"
    ],
    "chunk-FW4GMBZL.js": [
      "chunk-YHJEOYAX.js",
      "chunk-CEPO5PGS.js",
      "chunk-BLU3JEWT.js"
    ],
    "chunk-YHJEOYAX.js": [
      "chunk-V7IMYVGJ.js"
    ],
    "chunk-CEPO5PGS.js": [],
    "chunk-BLU3JEWT.js": [
      "chunk-V7IMYVGJ.js"
    ],
    "chunk-V7IMYVGJ.js": [],
    "metafile.json": []
  }
}