{
  "build_id": "f8a798065050743c7bc73a23b4f38c2ddea31b19",
  "files": {
    "island-remotekvlist.js": [
      "chunk-H2MCSW6C.js",
      "chunk-G357Z3YB.js",
      "chunk-GECN7HFK.js",
      "chunk-ED3BSDTT.js",
      "chunk-7G4YFQXT.js",
      "chunk-YHJEOYAX.js",
      "chunk-WPD3KBV7.js",
      "chunk-BLU3JEWT.js",
      "chunk-V7IMYVGJ.js"
    ],
    "island-watches.js": [
      "chunk-GUILRKLV.js",
      "chunk-NXSVWVSW.js",
      "chunk-FV6CO4BX.js",
      "chunk-G357Z3YB.js",
      "chunk-GECN7HFK.js",
      "chunk-ED3BSDTT.js",
      "chunk-YHJEOYAX.js",
      "chunk-WPD3KBV7.js",
      "chunk-BLU3JEWT.js",
      "chunk-V7IMYVGJ.js"
    ],
    "main.js": [
      "chunk-WPD3KBV7.js",
      "chunk-V7IMYVGJ.js"
    ],
    "deserializer.js": [],
    "signals.js": [
      "chunk-BLU3JEWT.js",
      "chunk-V7IMYVGJ.js"
    ],
    "island-keytree.js": [
      "chunk-KEBVS36P.js",
      "chunk-NXSVWVSW.js",
      "chunk-ED3BSDTT.js",
      "chunk-YHJEOYAX.js",
      "chunk-WPD3KBV7.js",
      "chunk-BLU3JEWT.js",
      "chunk-V7IMYVGJ.js"
    ],
    "island-kvexplorer.js": [
      "chunk-GUILRKLV.js",
      "chunk-KEBVS36P.js",
      "chunk-NXSVWVSW.js",
      "chunk-FV6CO4BX.js",
      "chunk-G357Z3YB.js",
      "chunk-GECN7HFK.js",
      "chunk-ED3BSDTT.js",
      "chunk-7G4YFQXT.js",
      "chunk-YHJEOYAX.js",
      "chunk-WPD3KBV7.js",
      "chunk-BLU3JEWT.js",
      "chunk-V7IMYVGJ.js"
    ],
    "chunk-GUILRKLV.js": [
      "chunk-NXSVWVSW.js",
      "chunk-FV6CO4BX.js",
      "chunk-YHJEOYAX.js",
      "chunk-WPD3KBV7.js",
      "chunk-BLU3JEWT.js",
      "chunk-V7IMYVGJ.js"
    ],
    "chunk-KEBVS36P.js": [
      "chunk-NXSVWVSW.js",
      "chunk-YHJEOYAX.js",
      "chunk-WPD3KBV7.js",
      "chunk-BLU3JEWT.js",
      "chunk-V7IMYVGJ.js"
    ],
    "chunk-NXSVWVSW.js": [
      "chunk-YHJEOYAX.js"
    ],
    "island-localcontrols.js": [
      "chunk-24LN6ZKW.js",
      "chunk-GECN7HFK.js",
      "chunk-ED3BSDTT.js",
      "chunk-7G4YFQXT.js",
      "chunk-YHJEOYAX.js",
      "chunk-WPD3KBV7.js",
      "chunk-BLU3JEWT.js",
      "chunk-V7IMYVGJ.js"
    ],
    "island-localkvlist.js": [
      "chunk-FV6CO4BX.js",
      "chunk-24LN6ZKW.js",
      "chunk-7G4YFQXT.js",
      "chunk-YHJEOYAX.js",
      "chunk-WPD3KBV7.js",
      "chunk-BLU3JEWT.js",
      "chunk-V7IMYVGJ.js"
    ],
    "chunk-FV6CO4BX.js": [],
    "chunk-24LN6ZKW.js": [
      "chunk-7G4YFQXT.js",
      "chunk-YHJEOYAX.js",
      "chunk-BLU3JEWT.js"
    ],
    "island-remotecontrols.js": [
      "chunk-H2MCSW6C.js",
      "chunk-G357Z3YB.js",
      "chunk-GECN7HFK.js",
      "chunk-ED3BSDTT.js",
      "chunk-7G4YFQXT.js",
      "chunk-YHJEOYAX.js",
      "chunk-WPD3KBV7.js",
      "chunk-BLU3JEWT.js",
      "chunk-V7IMYVGJ.js"
    ],
    "chunk-H2MCSW6C.js": [
      "chunk-GECN7HFK.js",
      "chunk-7G4YFQXT.js",
      "chunk-YHJEOYAX.js",
      "chunk-BLU3JEWT.js",
      "chunk-V7IMYVGJ.js"
    ],
    "chunk-G357Z3YB.js": [
      "chunk-GECN7HFK.js",
      "chunk-YHJEOYAX.js",
      "chunk-WPD3KBV7.js"
    ],
    "chunk-GECN7HFK.js": [
      "chunk-ED3BSDTT.js",
      "chunk-BLU3JEWT.js"
    ],
    "chunk-ED3BSDTT.js": [
      "chunk-YHJEOYAX.js"
    ],
    "chunk-7G4YFQXT.js": [
      "chunk-YHJEOYAX.js",
      "chunk-WPD3KBV7.js",
      "chunk-BLU3JEWT.js"
    ],
    "chunk-YHJEOYAX.js": [
      "chunk-V7IMYVGJ.js"
    ],
    "chunk-WPD3KBV7.js": [],
    "chunk-BLU3JEWT.js": [
      "chunk-V7IMYVGJ.js"
    ],
    "chunk-V7IMYVGJ.js": [],
    "metafile.json": []
  }
}