{
  "build_id": "2d050bb6fc7f684ac0af183b3ca4b3bc857226c5",
  "files": {
    "island-remotekvlist.js": [
      "chunk-UTYR64AV.js",
      "chunk-O5HFRG6P.js",
      "chunk-VARZP5R2.js",
      "chunk-BFMWWXGO.js",
      "chunk-GHS6TRON.js",
      "chunk-XNNICCVH.js",
      "chunk-O55AZATZ.js",
      "chunk-HUYKXD7W.js",
      "chunk-7DMHILBW.js",
      "chunk-JG7V63GM.js"
    ],
    "island-watches.js": [
      "chunk-IJMPWWLX.js",
      "chunk-YGHJDFLS.js",
      "chunk-4HKT3NXP.js",
      "chunk-O5HFRG6P.js",
      "chunk-VARZP5R2.js",
      "chunk-BFMWWXGO.js",
      "chunk-XNNICCVH.js",
      "chunk-O55AZATZ.js",
      "chunk-HUYKXD7W.js",
      "chunk-7DMHILBW.js",
      "chunk-JG7V63GM.js"
    ],
    "main.js": [
      "chunk-O55AZATZ.js",
      "chunk-7DMHILBW.js",
      "chunk-JG7V63GM.js"
    ],
    "deserializer.js": [
      "chunk-JG7V63GM.js"
    ],
    "signals.js": [
      "chunk-HUYKXD7W.js",
      "chunk-7DMHILBW.js",
      "chunk-JG7V63GM.js"
    ],
    "island-keytree.js": [
      "chunk-JKACXJGC.js",
      "chunk-YGHJDFLS.js",
      "chunk-BFMWWXGO.js",
      "chunk-XNNICCVH.js",
      "chunk-O55AZATZ.js",
      "chunk-HUYKXD7W.js",
      "chunk-7DMHILBW.js",
      "chunk-JG7V63GM.js"
    ],
    "island-kvexplorer.js": [
      "chunk-IJMPWWLX.js",
      "chunk-JKACXJGC.js",
      "chunk-YGHJDFLS.js",
      "chunk-4HKT3NXP.js",
      "chunk-O5HFRG6P.js",
      "chunk-VARZP5R2.js",
      "chunk-BFMWWXGO.js",
      "chunk-GHS6TRON.js",
      "chunk-XNNICCVH.js",
      "chunk-O55AZATZ.js",
      "chunk-HUYKXD7W.js",
      "chunk-7DMHILBW.js",
      "chunk-JG7V63GM.js"
    ],
    "chunk-IJMPWWLX.js": [
      "chunk-YGHJDFLS.js",
      "chunk-4HKT3NXP.js",
      "chunk-BFMWWXGO.js",
      "chunk-XNNICCVH.js",
      "chunk-O55AZATZ.js",
      "chunk-HUYKXD7W.js",
      "chunk-7DMHILBW.js"
    ],
    "chunk-JKACXJGC.js": [
      "chunk-YGHJDFLS.js",
      "chunk-XNNICCVH.js",
      "chunk-O55AZATZ.js",
      "chunk-HUYKXD7W.js",
      "chunk-7DMHILBW.js"
    ],
    "chunk-YGHJDFLS.js": [
      "chunk-XNNICCVH.js",
      "chunk-JG7V63GM.js"
    ],
    "island-localcontrols.js": [
      "chunk-V6GJVACN.js",
      "chunk-VARZP5R2.js",
      "chunk-BFMWWXGO.js",
      "chunk-GHS6TRON.js",
      "chunk-XNNICCVH.js",
      "chunk-O55AZATZ.js",
      "chunk-HUYKXD7W.js",
      "chunk-7DMHILBW.js",
      "chunk-JG7V63GM.js"
    ],
    "island-localkvlist.js": [
      "chunk-4HKT3NXP.js",
      "chunk-V6GJVACN.js",
      "chunk-GHS6TRON.js",
      "chunk-XNNICCVH.js",
      "chunk-O55AZATZ.js",
      "chunk-HUYKXD7W.js",
      "chunk-7DMHILBW.js",
      "chunk-JG7V63GM.js"
    ],
    "chunk-4HKT3NXP.js": [],
    "chunk-V6GJVACN.js": [
      "chunk-GHS6TRON.js",
      "chunk-XNNICCVH.js",
      "chunk-HUYKXD7W.js"
    ],
    "island-remotecontrols.js": [
      "chunk-UTYR64AV.js",
      "chunk-O5HFRG6P.js",
      "chunk-VARZP5R2.js",
      "chunk-BFMWWXGO.js",
      "chunk-GHS6TRON.js",
      "chunk-XNNICCVH.js",
      "chunk-O55AZATZ.js",
      "chunk-HUYKXD7W.js",
      "chunk-7DMHILBW.js",
      "chunk-JG7V63GM.js"
    ],
    "chunk-UTYR64AV.js": [
      "chunk-VARZP5R2.js",
      "chunk-GHS6TRON.js",
      "chunk-XNNICCVH.js",
      "chunk-HUYKXD7W.js",
      "chunk-7DMHILBW.js"
    ],
    "chunk-O5HFRG6P.js": [
      "chunk-VARZP5R2.js",
      "chunk-XNNICCVH.js",
      "chunk-O55AZATZ.js"
    ],
    "chunk-VARZP5R2.js": [
      "chunk-BFMWWXGO.js",
      "chunk-HUYKXD7W.js"
    ],
    "chunk-BFMWWXGO.js": [
      "chunk-XNNICCVH.js"
    ],
    "chunk-GHS6TRON.js": [
      "chunk-XNNICCVH.js",
      "chunk-O55AZATZ.js",
      "chunk-HUYKXD7W.js"
    ],
    "chunk-XNNICCVH.js": [
      "chunk-7DMHILBW.js"
    ],
    "chunk-O55AZATZ.js": [],
    "chunk-HUYKXD7W.js": [
      "chunk-7DMHILBW.js"
    ],
    "chunk-7DMHILBW.js": [],
    "chunk-JG7V63GM.js": [],
    "metafile.json": []
  }
}