{
  "build_id": "57bcfa36723c3ff4ad77e7a27980a63fd29388ad",
  "files": {
    "island-remotekvlist.js": [
      "chunk-AX2FU57F.js",
      "chunk-ZVRM4KGC.js",
      "chunk-UTYWZKZN.js",
      "chunk-ZV6JJ6LD.js",
      "chunk-F4ENWM7J.js",
      "chunk-FTNDH6CL.js",
      "chunk-BLU3JEWT.js",
      "chunk-V7IMYVGJ.js"
    ],
    "island-watches.js": [
      "chunk-74MT5BMX.js",
      "chunk-OZ7OH5NM.js",
      "chunk-ZZO2BWYA.js",
      "chunk-FV6CO4BX.js",
      "chunk-ZVRM4KGC.js",
      "chunk-UTYWZKZN.js",
      "chunk-ZV6JJ6LD.js",
      "chunk-FTNDH6CL.js",
      "chunk-BLU3JEWT.js",
      "chunk-V7IMYVGJ.js"
    ],
    "main.js": [
      "chunk-ZZO2BWYA.js",
      "chunk-V7IMYVGJ.js"
    ],
    "deserializer.js": [],
    "signals.js": [
      "chunk-BLU3JEWT.js",
      "chunk-V7IMYVGJ.js"
    ],
    "island-keytree.js": [
      "chunk-PSIOVBPE.js",
      "chunk-OZ7OH5NM.js",
      "chunk-ZZO2BWYA.js",
      "chunk-ZV6JJ6LD.js",
      "chunk-FTNDH6CL.js",
      "chunk-BLU3JEWT.js",
      "chunk-V7IMYVGJ.js"
    ],
    "island-kvexplorer.js": [
      "chunk-74MT5BMX.js",
      "chunk-PSIOVBPE.js",
      "chunk-OZ7OH5NM.js",
      "chunk-ZZO2BWYA.js",
      "chunk-FV6CO4BX.js",
      "chunk-ZVRM4KGC.js",
      "chunk-UTYWZKZN.js",
      "chunk-ZV6JJ6LD.js",
      "chunk-F4ENWM7J.js",
      "chunk-FTNDH6CL.js",
      "chunk-BLU3JEWT.js",
      "chunk-V7IMYVGJ.js"
    ],
    "chunk-74MT5BMX.js": [
      "chunk-OZ7OH5NM.js",
      "chunk-ZZO2BWYA.js",
      "chunk-FV6CO4BX.js",
      "chunk-FTNDH6CL.js",
      "chunk-BLU3JEWT.js",
      "chunk-V7IMYVGJ.js"
    ],
    "chunk-PSIOVBPE.js": [
      "chunk-OZ7OH5NM.js",
      "chunk-ZZO2BWYA.js",
      "chunk-FTNDH6CL.js",
      "chunk-BLU3JEWT.js",
      "chunk-V7IMYVGJ.js"
    ],
    "chunk-OZ7OH5NM.js": [
      "chunk-FTNDH6CL.js",
      "chunk-V7IMYVGJ.js"
    ],
    "chunk-ZZO2BWYA.js": [],
    "island-localcontrols.js": [
      "chunk-MKKRUQ4S.js",
      "chunk-UTYWZKZN.js",
      "chunk-ZV6JJ6LD.js",
      "chunk-F4ENWM7J.js",
      "chunk-FTNDH6CL.js",
      "chunk-BLU3JEWT.js",
      "chunk-V7IMYVGJ.js"
    ],
    "island-localkvlist.js": [
      "chunk-FV6CO4BX.js",
      "chunk-MKKRUQ4S.js",
      "chunk-F4ENWM7J.js",
      "chunk-FTNDH6CL.js",
      "chunk-BLU3JEWT.js",
      "chunk-V7IMYVGJ.js"
    ],
    "chunk-FV6CO4BX.js": [],
    "chunk-MKKRUQ4S.js": [
      "chunk-F4ENWM7J.js",
      "chunk-FTNDH6CL.js",
      "chunk-BLU3JEWT.js"
    ],
    "island-remotecontrols.js": [
      "chunk-AX2FU57F.js",
      "chunk-ZVRM4KGC.js",
      "chunk-UTYWZKZN.js",
      "chunk-ZV6JJ6LD.js",
      "chunk-F4ENWM7J.js",
      "chunk-FTNDH6CL.js",
      "chunk-BLU3JEWT.js",
      "chunk-V7IMYVGJ.js"
    ],
    "chunk-AX2FU57F.js": [
      "chunk-UTYWZKZN.js",
      "chunk-F4ENWM7J.js",
      "chunk-FTNDH6CL.js",
      "chunk-BLU3JEWT.js",
      "chunk-V7IMYVGJ.js"
    ],
    "chunk-ZVRM4KGC.js": [
      "chunk-UTYWZKZN.js",
      "chunk-FTNDH6CL.js"
    ],
    "chunk-UTYWZKZN.js": [
      "chunk-ZV6JJ6LD.js",
      "chunk-BLU3JEWT.js"
    ],
    "chunk-ZV6JJ6LD.js": [
      "chunk-FTNDH6CL.js"
    ],
    "chunk-F4ENWM7J.js": [
      "chunk-FTNDH6CL.js",
      "chunk-BLU3JEWT.js"
    ],
    "chunk-FTNDH6CL.js": [
      "chunk-V7IMYVGJ.js"
    ],
    "chunk-BLU3JEWT.js": [
      "chunk-V7IMYVGJ.js"
    ],
    "chunk-V7IMYVGJ.js": [],
    "metafile.json": []
  }
}