{
  "build_id": "19ab6a8fdb373889de03062039819f835e07a9bd",
  "files": {
    "island-remotekvlist.js": [
      "chunk-GK5HYDUR.js",
      "chunk-CRG2F44G.js",
      "chunk-QNC6BMND.js",
      "chunk-CET67WKJ.js",
      "chunk-WMM7NBXL.js",
      "chunk-JCAXWLTE.js",
      "chunk-FLD63E3H.js",
      "chunk-JF7HHUHL.js",
      "chunk-RRKPLD6M.js",
      "chunk-JG7V63GM.js"
    ],
    "island-watches.js": [
      "chunk-FB3FKQWF.js",
      "chunk-TLV3BGDF.js",
      "chunk-FV6CO4BX.js",
      "chunk-CRG2F44G.js",
      "chunk-QNC6BMND.js",
      "chunk-CET67WKJ.js",
      "chunk-JCAXWLTE.js",
      "chunk-FLD63E3H.js",
      "chunk-JF7HHUHL.js",
      "chunk-RRKPLD6M.js",
      "chunk-JG7V63GM.js"
    ],
    "main.js": [
      "chunk-FLD63E3H.js",
      "chunk-RRKPLD6M.js",
      "chunk-JG7V63GM.js"
    ],
    "deserializer.js": [
      "chunk-JG7V63GM.js"
    ],
    "signals.js": [
      "chunk-JF7HHUHL.js",
      "chunk-RRKPLD6M.js",
      "chunk-JG7V63GM.js"
    ],
    "island-keytree.js": [
      "chunk-R6WM53OY.js",
      "chunk-TLV3BGDF.js",
      "chunk-CET67WKJ.js",
      "chunk-JCAXWLTE.js",
      "chunk-FLD63E3H.js",
      "chunk-JF7HHUHL.js",
      "chunk-RRKPLD6M.js",
      "chunk-JG7V63GM.js"
    ],
    "island-kvexplorer.js": [
      "chunk-FB3FKQWF.js",
      "chunk-R6WM53OY.js",
      "chunk-TLV3BGDF.js",
      "chunk-FV6CO4BX.js",
      "chunk-CRG2F44G.js",
      "chunk-QNC6BMND.js",
      "chunk-CET67WKJ.js",
      "chunk-WMM7NBXL.js",
      "chunk-JCAXWLTE.js",
      "chunk-FLD63E3H.js",
      "chunk-JF7HHUHL.js",
      "chunk-RRKPLD6M.js",
      "chunk-JG7V63GM.js"
    ],
    "chunk-FB3FKQWF.js": [
      "chunk-TLV3BGDF.js",
      "chunk-FV6CO4BX.js",
      "chunk-CET67WKJ.js",
      "chunk-JCAXWLTE.js",
      "chunk-FLD63E3H.js",
      "chunk-JF7HHUHL.js",
      "chunk-RRKPLD6M.js"
    ],
    "chunk-R6WM53OY.js": [
      "chunk-TLV3BGDF.js",
      "chunk-JCAXWLTE.js",
      "chunk-FLD63E3H.js",
      "chunk-JF7HHUHL.js",
      "chunk-RRKPLD6M.js"
    ],
    "chunk-TLV3BGDF.js": [
      "chunk-JCAXWLTE.js",
      "chunk-JG7V63GM.js"
    ],
    "island-localcontrols.js": [
      "chunk-LFBAJYJO.js",
      "chunk-QNC6BMND.js",
      "chunk-CET67WKJ.js",
      "chunk-WMM7NBXL.js",
      "chunk-JCAXWLTE.js",
      "chunk-FLD63E3H.js",
      "chunk-JF7HHUHL.js",
      "chunk-RRKPLD6M.js",
      "chunk-JG7V63GM.js"
    ],
    "island-localkvlist.js": [
      "chunk-FV6CO4BX.js",
      "chunk-LFBAJYJO.js",
      "chunk-WMM7NBXL.js",
      "chunk-JCAXWLTE.js",
      "chunk-FLD63E3H.js",
      "chunk-JF7HHUHL.js",
      "chunk-RRKPLD6M.js",
      "chunk-JG7V63GM.js"
    ],
    "chunk-FV6CO4BX.js": [],
    "chunk-LFBAJYJO.js": [
      "chunk-WMM7NBXL.js",
      "chunk-JCAXWLTE.js",
      "chunk-JF7HHUHL.js"
    ],
    "island-remotecontrols.js": [
      "chunk-GK5HYDUR.js",
      "chunk-CRG2F44G.js",
      "chunk-QNC6BMND.js",
      "chunk-CET67WKJ.js",
      "chunk-WMM7NBXL.js",
      "chunk-JCAXWLTE.js",
      "chunk-FLD63E3H.js",
      "chunk-JF7HHUHL.js",
      "chunk-RRKPLD6M.js",
      "chunk-JG7V63GM.js"
    ],
    "chunk-GK5HYDUR.js": [
      "chunk-QNC6BMND.js",
      "chunk-WMM7NBXL.js",
      "chunk-JCAXWLTE.js",
      "chunk-JF7HHUHL.js",
      "chunk-RRKPLD6M.js"
    ],
    "chunk-CRG2F44G.js": [
      "chunk-QNC6BMND.js",
      "chunk-JCAXWLTE.js",
      "chunk-FLD63E3H.js"
    ],
    "chunk-QNC6BMND.js": [
      "chunk-CET67WKJ.js",
      "chunk-JF7HHUHL.js"
    ],
    "chunk-CET67WKJ.js": [
      "chunk-JCAXWLTE.js"
    ],
    "chunk-WMM7NBXL.js": [
      "chunk-JCAXWLTE.js",
      "chunk-FLD63E3H.js",
      "chunk-JF7HHUHL.js"
    ],
    "chunk-JCAXWLTE.js": [
      "chunk-RRKPLD6M.js"
    ],
    "chunk-FLD63E3H.js": [],
    "chunk-JF7HHUHL.js": [
      "chunk-RRKPLD6M.js"
    ],
    "chunk-RRKPLD6M.js": [],
    "chunk-JG7V63GM.js": [],
    "metafile.json": []
  }
}