{
  "build_id": "4eef4d1ee2a826f332df953ba72a84fb70436426",
  "files": {
    "island-remotekvlist.js": [
      "chunk-JTXE3GKY.js",
      "chunk-HRKNXMAR.js",
      "chunk-GECN7HFK.js",
      "chunk-ED3BSDTT.js",
      "chunk-MVIEVGL2.js",
      "chunk-YHJEOYAX.js",
      "chunk-NVSG7A2E.js",
      "chunk-BLU3JEWT.js",
      "chunk-V7IMYVGJ.js"
    ],
    "island-watches.js": [
      "chunk-EBMNAOOF.js",
      "chunk-HOLG3XX6.js",
      "chunk-FV6CO4BX.js",
      "chunk-HRKNXMAR.js",
      "chunk-GECN7HFK.js",
      "chunk-ED3BSDTT.js",
      "chunk-YHJEOYAX.js",
      "chunk-NVSG7A2E.js",
      "chunk-BLU3JEWT.js",
      "chunk-V7IMYVGJ.js"
    ],
    "main.js": [
      "chunk-NVSG7A2E.js",
      "chunk-V7IMYVGJ.js"
    ],
    "deserializer.js": [],
    "signals.js": [
      "chunk-BLU3JEWT.js",
      "chunk-V7IMYVGJ.js"
    ],
    "island-keytree.js": [
      "chunk-R4NCB5Y7.js",
      "chunk-HOLG3XX6.js",
      "chunk-ED3BSDTT.js",
      "chunk-YHJEOYAX.js",
      "chunk-NVSG7A2E.js",
      "chunk-BLU3JEWT.js",
      "chunk-V7IMYVGJ.js"
    ],
    "island-kvexplorer.js": [
      "chunk-EBMNAOOF.js",
      "chunk-R4NCB5Y7.js",
      "chunk-HOLG3XX6.js",
      "chunk-FV6CO4BX.js",
      "chunk-HRKNXMAR.js",
      "chunk-GECN7HFK.js",
      "chunk-ED3BSDTT.js",
      "chunk-MVIEVGL2.js",
      "chunk-YHJEOYAX.js",
      "chunk-NVSG7A2E.js",
      "chunk-BLU3JEWT.js",
      "chunk-V7IMYVGJ.js"
    ],
    "chunk-EBMNAOOF.js": [
      "chunk-HOLG3XX6.js",
      "chunk-FV6CO4BX.js",
      "chunk-YHJEOYAX.js",
      "chunk-NVSG7A2E.js",
      "chunk-BLU3JEWT.js",
      "chunk-V7IMYVGJ.js"
    ],
    "chunk-R4NCB5Y7.js": [
      "chunk-HOLG3XX6.js",
      "chunk-YHJEOYAX.js",
      "chunk-NVSG7A2E.js",
      "chunk-BLU3JEWT.js",
      "chunk-V7IMYVGJ.js"
    ],
    "chunk-HOLG3XX6.js": [
      "chunk-YHJEOYAX.js"
    ],
    "island-localcontrols.js": [
      "chunk-YS7SHOC2.js",
      "chunk-GECN7HFK.js",
      "chunk-ED3BSDTT.js",
      "chunk-MVIEVGL2.js",
      "chunk-YHJEOYAX.js",
      "chunk-NVSG7A2E.js",
      "chunk-BLU3JEWT.js",
      "chunk-V7IMYVGJ.js"
    ],
    "island-localkvlist.js": [
      "chunk-FV6CO4BX.js",
      "chunk-YS7SHOC2.js",
      "chunk-MVIEVGL2.js",
      "chunk-YHJEOYAX.js",
      "chunk-NVSG7A2E.js",
      "chunk-BLU3JEWT.js",
      "chunk-V7IMYVGJ.js"
    ],
    "chunk-FV6CO4BX.js": [],
    "chunk-YS7SHOC2.js": [
      "chunk-MVIEVGL2.js",
      "chunk-YHJEOYAX.js",
      "chunk-BLU3JEWT.js"
    ],
    "island-remotecontrols.js": [
      "chunk-JTXE3GKY.js",
      "chunk-HRKNXMAR.js",
      "chunk-GECN7HFK.js",
      "chunk-ED3BSDTT.js",
      "chunk-MVIEVGL2.js",
      "chunk-YHJEOYAX.js",
      "chunk-NVSG7A2E.js",
      "chunk-BLU3JEWT.js",
      "chunk-V7IMYVGJ.js"
    ],
    "chunk-JTXE3GKY.js": [
      "chunk-GECN7HFK.js",
      "chunk-MVIEVGL2.js",
      "chunk-YHJEOYAX.js",
      "chunk-BLU3JEWT.js",
      "chunk-V7IMYVGJ.js"
    ],
    "chunk-HRKNXMAR.js": [
      "chunk-GECN7HFK.js",
      "chunk-YHJEOYAX.js",
      "chunk-NVSG7A2E.js"
    ],
    "chunk-GECN7HFK.js": [
      "chunk-ED3BSDTT.js",
      "chunk-BLU3JEWT.js"
    ],
    "chunk-ED3BSDTT.js": [
      "chunk-YHJEOYAX.js"
    ],
    "chunk-MVIEVGL2.js": [
      "chunk-YHJEOYAX.js",
      "chunk-NVSG7A2E.js",
      "chunk-BLU3JEWT.js"
    ],
    "chunk-YHJEOYAX.js": [
      "chunk-V7IMYVGJ.js"
    ],
    "chunk-NVSG7A2E.js": [],
    "chunk-BLU3JEWT.js": [
      "chunk-V7IMYVGJ.js"
    ],
    "chunk-V7IMYVGJ.js": [],
    "metafile.json": []
  }
}