{
  "build_id": "aec91ae9292829ebfb3cce354a3ecf1a1bad0aad",
  "files": {
    "island-remotekvlist.js": [
      "chunk-Q6ESQMAQ.js",
      "chunk-XXVND6D3.js",
      "chunk-AX2FU57F.js",
      "chunk-ZVRM4KGC.js",
      "chunk-UTYWZKZN.js",
      "chunk-ZV6JJ6LD.js",
      "chunk-F4ENWM7J.js",
      "chunk-FTNDH6CL.js",
      "chunk-BLU3JEWT.js",
      "chunk-V7IMYVGJ.js"
    ],
    "island-watches.js": [
      "chunk-FTNYWEGW.js",
      "chunk-MMVXXLDY.js",
      "chunk-FV6CO4BX.js",
      "chunk-Q6ESQMAQ.js",
      "chunk-XXVND6D3.js",
      "chunk-ZVRM4KGC.js",
      "chunk-UTYWZKZN.js",
      "chunk-ZV6JJ6LD.js",
      "chunk-FTNDH6CL.js",
      "chunk-BLU3JEWT.js",
      "chunk-V7IMYVGJ.js"
    ],
    "main.js": [
      "chunk-XXVND6D3.js",
      "chunk-V7IMYVGJ.js"
    ],
    "deserializer.js": [],
    "signals.js": [
      "chunk-BLU3JEWT.js",
      "chunk-V7IMYVGJ.js"
    ],
    "island-keytree.js": [
      "chunk-VQLNIAQR.js",
      "chunk-MMVXXLDY.js",
      "chunk-Q6ESQMAQ.js",
      "chunk-XXVND6D3.js",
      "chunk-ZV6JJ6LD.js",
      "chunk-FTNDH6CL.js",
      "chunk-BLU3JEWT.js",
      "chunk-V7IMYVGJ.js"
    ],
    "island-kvexplorer.js": [
      "chunk-FTNYWEGW.js",
      "chunk-VQLNIAQR.js",
      "chunk-MMVXXLDY.js",
      "chunk-FV6CO4BX.js",
      "chunk-Q6ESQMAQ.js",
      "chunk-XXVND6D3.js",
      "chunk-ZVRM4KGC.js",
      "chunk-UTYWZKZN.js",
      "chunk-ZV6JJ6LD.js",
      "chunk-F4ENWM7J.js",
      "chunk-FTNDH6CL.js",
      "chunk-BLU3JEWT.js",
      "chunk-V7IMYVGJ.js"
    ],
    "chunk-FTNYWEGW.js": [
      "chunk-MMVXXLDY.js",
      "chunk-FV6CO4BX.js",
      "chunk-XXVND6D3.js",
      "chunk-FTNDH6CL.js",
      "chunk-BLU3JEWT.js",
      "chunk-V7IMYVGJ.js"
    ],
    "chunk-VQLNIAQR.js": [
      "chunk-MMVXXLDY.js",
      "chunk-XXVND6D3.js",
      "chunk-FTNDH6CL.js",
      "chunk-BLU3JEWT.js",
      "chunk-V7IMYVGJ.js"
    ],
    "chunk-MMVXXLDY.js": [
      "chunk-FTNDH6CL.js"
    ],
    "island-localcontrols.js": [
      "chunk-MKKRUQ4S.js",
      "chunk-UTYWZKZN.js",
      "chunk-ZV6JJ6LD.js",
      "chunk-F4ENWM7J.js",
      "chunk-FTNDH6CL.js",
      "chunk-BLU3JEWT.js",
      "chunk-V7IMYVGJ.js"
    ],
    "island-localkvlist.js": [
      "chunk-FV6CO4BX.js",
      "chunk-Q6ESQMAQ.js",
      "chunk-XXVND6D3.js",
      "chunk-MKKRUQ4S.js",
      "chunk-F4ENWM7J.js",
      "chunk-FTNDH6CL.js",
      "chunk-BLU3JEWT.js",
      "chunk-V7IMYVGJ.js"
    ],
    "chunk-FV6CO4BX.js": [],
    "chunk-Q6ESQMAQ.js": [
      "chunk-V7IMYVGJ.js"
    ],
    "chunk-XXVND6D3.js": [],
    "chunk-MKKRUQ4S.js": [
      "chunk-F4ENWM7J.js",
      "chunk-FTNDH6CL.js",
      "chunk-BLU3JEWT.js"
    ],
    "island-remotecontrols.js": [
      "chunk-AX2FU57F.js",
      "chunk-ZVRM4KGC.js",
      "chunk-UTYWZKZN.js",
      "chunk-ZV6JJ6LD.js",
      "chunk-F4ENWM7J.js",
      "chunk-FTNDH6CL.js",
      "chunk-BLU3JEWT.js",
      "chunk-V7IMYVGJ.js"
    ],
    "chunk-AX2FU57F.js": [
      "chunk-UTYWZKZN.js",
      "chunk-F4ENWM7J.js",
      "chunk-FTNDH6CL.js",
      "chunk-BLU3JEWT.js",
      "chunk-V7IMYVGJ.js"
    ],
    "chunk-ZVRM4KGC.js": [
      "chunk-UTYWZKZN.js",
      "chunk-FTNDH6CL.js"
    ],
    "chunk-UTYWZKZN.js": [
      "chunk-ZV6JJ6LD.js",
      "chunk-BLU3JEWT.js"
    ],
    "chunk-ZV6JJ6LD.js": [
      "chunk-FTNDH6CL.js"
    ],
    "chunk-F4ENWM7J.js": [
      "chunk-FTNDH6CL.js",
      "chunk-BLU3JEWT.js"
    ],
    "chunk-FTNDH6CL.js": [
      "chunk-V7IMYVGJ.js"
    ],
    "chunk-BLU3JEWT.js": [
      "chunk-V7IMYVGJ.js"
    ],
    "chunk-V7IMYVGJ.js": [],
    "metafile.json": []
  }
}