{
  "build_id": "e968739168e9eff6c0dd2af5f30177b0df40465f",
  "files": {
    "island-remotekvlist.js": [
      "chunk-Y7IGOB5H.js",
      "chunk-37WEDETM.js",
      "chunk-FDGRITYA.js",
      "chunk-4JEKAUXY.js",
      "chunk-5COD5CA7.js",
      "chunk-4RXOM3HI.js",
      "chunk-UYVHKIE5.js",
      "chunk-JF7HHUHL.js",
      "chunk-RRKPLD6M.js",
      "chunk-JG7V63GM.js"
    ],
    "island-watches.js": [
      "chunk-S2LES6Y4.js",
      "chunk-4FPU32R6.js",
      "chunk-OFE4TZQ3.js",
      "chunk-37WEDETM.js",
      "chunk-FDGRITYA.js",
      "chunk-4JEKAUXY.js",
      "chunk-4RXOM3HI.js",
      "chunk-UYVHKIE5.js",
      "chunk-JF7HHUHL.js",
      "chunk-RRKPLD6M.js",
      "chunk-JG7V63GM.js"
    ],
    "main.js": [
      "chunk-UYVHKIE5.js",
      "chunk-RRKPLD6M.js",
      "chunk-JG7V63GM.js"
    ],
    "deserializer.js": [
      "chunk-JG7V63GM.js"
    ],
    "signals.js": [
      "chunk-JF7HHUHL.js",
      "chunk-RRKPLD6M.js",
      "chunk-JG7V63GM.js"
    ],
    "island-keytree.js": [
      "chunk-VAL47OPQ.js",
      "chunk-4FPU32R6.js",
      "chunk-4JEKAUXY.js",
      "chunk-4RXOM3HI.js",
      "chunk-UYVHKIE5.js",
      "chunk-JF7HHUHL.js",
      "chunk-RRKPLD6M.js",
      "chunk-JG7V63GM.js"
    ],
    "island-kvexplorer.js": [
      "chunk-S2LES6Y4.js",
      "chunk-VAL47OPQ.js",
      "chunk-4FPU32R6.js",
      "chunk-OFE4TZQ3.js",
      "chunk-37WEDETM.js",
      "chunk-FDGRITYA.js",
      "chunk-4JEKAUXY.js",
      "chunk-5COD5CA7.js",
      "chunk-4RXOM3HI.js",
      "chunk-UYVHKIE5.js",
      "chunk-JF7HHUHL.js",
      "chunk-RRKPLD6M.js",
      "chunk-JG7V63GM.js"
    ],
    "chunk-S2LES6Y4.js": [
      "chunk-4FPU32R6.js",
      "chunk-OFE4TZQ3.js",
      "chunk-4JEKAUXY.js",
      "chunk-4RXOM3HI.js",
      "chunk-UYVHKIE5.js",
      "chunk-JF7HHUHL.js",
      "chunk-RRKPLD6M.js"
    ],
    "chunk-VAL47OPQ.js": [
      "chunk-4FPU32R6.js",
      "chunk-4RXOM3HI.js",
      "chunk-UYVHKIE5.js",
      "chunk-JF7HHUHL.js",
      "chunk-RRKPLD6M.js"
    ],
    "chunk-4FPU32R6.js": [
      "chunk-4RXOM3HI.js",
      "chunk-JG7V63GM.js"
    ],
    "island-localcontrols.js": [
      "chunk-ISD7VUG3.js",
      "chunk-FDGRITYA.js",
      "chunk-4JEKAUXY.js",
      "chunk-5COD5CA7.js",
      "chunk-4RXOM3HI.js",
      "chunk-UYVHKIE5.js",
      "chunk-JF7HHUHL.js",
      "chunk-RRKPLD6M.js",
      "chunk-JG7V63GM.js"
    ],
    "island-localkvlist.js": [
      "chunk-OFE4TZQ3.js",
      "chunk-ISD7VUG3.js",
      "chunk-5COD5CA7.js",
      "chunk-4RXOM3HI.js",
      "chunk-UYVHKIE5.js",
      "chunk-JF7HHUHL.js",
      "chunk-RRKPLD6M.js",
      "chunk-JG7V63GM.js"
    ],
    "chunk-OFE4TZQ3.js": [],
    "chunk-ISD7VUG3.js": [
      "chunk-5COD5CA7.js",
      "chunk-4RXOM3HI.js",
      "chunk-JF7HHUHL.js"
    ],
    "island-remotecontrols.js": [
      "chunk-Y7IGOB5H.js",
      "chunk-37WEDETM.js",
      "chunk-FDGRITYA.js",
      "chunk-4JEKAUXY.js",
      "chunk-5COD5CA7.js",
      "chunk-4RXOM3HI.js",
      "chunk-UYVHKIE5.js",
      "chunk-JF7HHUHL.js",
      "chunk-RRKPLD6M.js",
      "chunk-JG7V63GM.js"
    ],
    "chunk-Y7IGOB5H.js": [
      "chunk-FDGRITYA.js",
      "chunk-5COD5CA7.js",
      "chunk-4RXOM3HI.js",
      "chunk-JF7HHUHL.js",
      "chunk-RRKPLD6M.js"
    ],
    "chunk-37WEDETM.js": [
      "chunk-FDGRITYA.js",
      "chunk-4RXOM3HI.js",
      "chunk-UYVHKIE5.js"
    ],
    "chunk-FDGRITYA.js": [
      "chunk-4JEKAUXY.js",
      "chunk-JF7HHUHL.js"
    ],
    "chunk-4JEKAUXY.js": [
      "chunk-4RXOM3HI.js"
    ],
    "chunk-5COD5CA7.js": [
      "chunk-4RXOM3HI.js",
      "chunk-UYVHKIE5.js",
      "chunk-JF7HHUHL.js"
    ],
    "chunk-4RXOM3HI.js": [
      "chunk-RRKPLD6M.js"
    ],
    "chunk-UYVHKIE5.js": [],
    "chunk-JF7HHUHL.js": [
      "chunk-RRKPLD6M.js"
    ],
    "chunk-RRKPLD6M.js": [],
    "chunk-JG7V63GM.js": [],
    "metafile.json": []
  }
}