{
  "build_id": "90cfd1142cbc1e047661b7c8cc753e723ac54c7c",
  "files": {
    "island-remotekvlist.js": [
      "chunk-LCL7LSSS.js",
      "chunk-MNS7ISQU.js",
      "chunk-GGM2I3UO.js",
      "chunk-J3XWRTOX.js",
      "chunk-6QUXFABH.js",
      "chunk-TJ55WERY.js",
      "chunk-442635WZ.js",
      "chunk-A24ONYSU.js",
      "chunk-4C7GSA6N.js",
      "chunk-JG7V63GM.js"
    ],
    "island-watches.js": [
      "chunk-DW66PHBU.js",
      "chunk-4TG7HONN.js",
      "chunk-6QOSJNPS.js",
      "chunk-MNS7ISQU.js",
      "chunk-GGM2I3UO.js",
      "chunk-J3XWRTOX.js",
      "chunk-TJ55WERY.js",
      "chunk-442635WZ.js",
      "chunk-A24ONYSU.js",
      "chunk-4C7GSA6N.js",
      "chunk-JG7V63GM.js"
    ],
    "main.js": [
      "chunk-442635WZ.js",
      "chunk-4C7GSA6N.js",
      "chunk-JG7V63GM.js"
    ],
    "deserializer.js": [
      "chunk-JG7V63GM.js"
    ],
    "signals.js": [
      "chunk-A24ONYSU.js",
      "chunk-4C7GSA6N.js",
      "chunk-JG7V63GM.js"
    ],
    "island-keytree.js": [
      "chunk-KMLVHYGH.js",
      "chunk-4TG7HONN.js",
      "chunk-J3XWRTOX.js",
      "chunk-TJ55WERY.js",
      "chunk-442635WZ.js",
      "chunk-A24ONYSU.js",
      "chunk-4C7GSA6N.js",
      "chunk-JG7V63GM.js"
    ],
    "island-kvexplorer.js": [
      "chunk-DW66PHBU.js",
      "chunk-KMLVHYGH.js",
      "chunk-4TG7HONN.js",
      "chunk-6QOSJNPS.js",
      "chunk-MNS7ISQU.js",
      "chunk-GGM2I3UO.js",
      "chunk-J3XWRTOX.js",
      "chunk-6QUXFABH.js",
      "chunk-TJ55WERY.js",
      "chunk-442635WZ.js",
      "chunk-A24ONYSU.js",
      "chunk-4C7GSA6N.js",
      "chunk-JG7V63GM.js"
    ],
    "chunk-DW66PHBU.js": [
      "chunk-4TG7HONN.js",
      "chunk-6QOSJNPS.js",
      "chunk-J3XWRTOX.js",
      "chunk-TJ55WERY.js",
      "chunk-442635WZ.js",
      "chunk-A24ONYSU.js",
      "chunk-4C7GSA6N.js"
    ],
    "chunk-KMLVHYGH.js": [
      "chunk-4TG7HONN.js",
      "chunk-TJ55WERY.js",
      "chunk-442635WZ.js",
      "chunk-A24ONYSU.js",
      "chunk-4C7GSA6N.js"
    ],
    "chunk-4TG7HONN.js": [
      "chunk-TJ55WERY.js",
      "chunk-JG7V63GM.js"
    ],
    "island-localcontrols.js": [
      "chunk-EO2LWUCV.js",
      "chunk-GGM2I3UO.js",
      "chunk-J3XWRTOX.js",
      "chunk-6QUXFABH.js",
      "chunk-TJ55WERY.js",
      "chunk-442635WZ.js",
      "chunk-A24ONYSU.js",
      "chunk-4C7GSA6N.js",
      "chunk-JG7V63GM.js"
    ],
    "island-localkvlist.js": [
      "chunk-6QOSJNPS.js",
      "chunk-EO2LWUCV.js",
      "chunk-6QUXFABH.js",
      "chunk-TJ55WERY.js",
      "chunk-442635WZ.js",
      "chunk-A24ONYSU.js",
      "chunk-4C7GSA6N.js",
      "chunk-JG7V63GM.js"
    ],
    "chunk-6QOSJNPS.js": [],
    "chunk-EO2LWUCV.js": [
      "chunk-6QUXFABH.js",
      "chunk-TJ55WERY.js",
      "chunk-A24ONYSU.js"
    ],
    "island-remotecontrols.js": [
      "chunk-LCL7LSSS.js",
      "chunk-MNS7ISQU.js",
      "chunk-GGM2I3UO.js",
      "chunk-J3XWRTOX.js",
      "chunk-6QUXFABH.js",
      "chunk-TJ55WERY.js",
      "chunk-442635WZ.js",
      "chunk-A24ONYSU.js",
      "chunk-4C7GSA6N.js",
      "chunk-JG7V63GM.js"
    ],
    "chunk-LCL7LSSS.js": [
      "chunk-GGM2I3UO.js",
      "chunk-6QUXFABH.js",
      "chunk-TJ55WERY.js",
      "chunk-A24ONYSU.js",
      "chunk-4C7GSA6N.js"
    ],
    "chunk-MNS7ISQU.js": [
      "chunk-GGM2I3UO.js",
      "chunk-TJ55WERY.js",
      "chunk-442635WZ.js"
    ],
    "chunk-GGM2I3UO.js": [
      "chunk-J3XWRTOX.js",
      "chunk-A24ONYSU.js"
    ],
    "chunk-J3XWRTOX.js": [
      "chunk-TJ55WERY.js"
    ],
    "chunk-6QUXFABH.js": [
      "chunk-TJ55WERY.js",
      "chunk-442635WZ.js",
      "chunk-A24ONYSU.js"
    ],
    "chunk-TJ55WERY.js": [
      "chunk-4C7GSA6N.js"
    ],
    "chunk-442635WZ.js": [],
    "chunk-A24ONYSU.js": [
      "chunk-4C7GSA6N.js"
    ],
    "chunk-4C7GSA6N.js": [],
    "chunk-JG7V63GM.js": [],
    "metafile.json": []
  }
}