{
  "build_id": "98fe8b78b61458822e707f18a594e589ac79c10f",
  "files": {
    "island-remotekvlist.js": [
      "chunk-GU4PNZBP.js",
      "chunk-PKTMSWZ4.js",
      "chunk-GECN7HFK.js",
      "chunk-ED3BSDTT.js",
      "chunk-HWKFG4SP.js",
      "chunk-YHJEOYAX.js",
      "chunk-BZ2O4B5I.js",
      "chunk-BLU3JEWT.js",
      "chunk-V7IMYVGJ.js"
    ],
    "island-watches.js": [
      "chunk-6UJJG2FM.js",
      "chunk-NXSVWVSW.js",
      "chunk-FV6CO4BX.js",
      "chunk-PKTMSWZ4.js",
      "chunk-GECN7HFK.js",
      "chunk-ED3BSDTT.js",
      "chunk-YHJEOYAX.js",
      "chunk-BZ2O4B5I.js",
      "chunk-BLU3JEWT.js",
      "chunk-V7IMYVGJ.js"
    ],
    "main.js": [
      "chunk-BZ2O4B5I.js",
      "chunk-V7IMYVGJ.js"
    ],
    "deserializer.js": [],
    "signals.js": [
      "chunk-BLU3JEWT.js",
      "chunk-V7IMYVGJ.js"
    ],
    "island-keytree.js": [
      "chunk-AR6YYYHD.js",
      "chunk-NXSVWVSW.js",
      "chunk-ED3BSDTT.js",
      "chunk-YHJEOYAX.js",
      "chunk-BZ2O4B5I.js",
      "chunk-BLU3JEWT.js",
      "chunk-V7IMYVGJ.js"
    ],
    "island-kvexplorer.js": [
      "chunk-6UJJG2FM.js",
      "chunk-AR6YYYHD.js",
      "chunk-NXSVWVSW.js",
      "chunk-FV6CO4BX.js",
      "chunk-PKTMSWZ4.js",
      "chunk-GECN7HFK.js",
      "chunk-ED3BSDTT.js",
      "chunk-HWKFG4SP.js",
      "chunk-YHJEOYAX.js",
      "chunk-BZ2O4B5I.js",
      "chunk-BLU3JEWT.js",
      "chunk-V7IMYVGJ.js"
    ],
    "chunk-6UJJG2FM.js": [
      "chunk-NXSVWVSW.js",
      "chunk-FV6CO4BX.js",
      "chunk-YHJEOYAX.js",
      "chunk-BZ2O4B5I.js",
      "chunk-BLU3JEWT.js",
      "chunk-V7IMYVGJ.js"
    ],
    "chunk-AR6YYYHD.js": [
      "chunk-NXSVWVSW.js",
      "chunk-YHJEOYAX.js",
      "chunk-BZ2O4B5I.js",
      "chunk-BLU3JEWT.js",
      "chunk-V7IMYVGJ.js"
    ],
    "chunk-NXSVWVSW.js": [
      "chunk-YHJEOYAX.js"
    ],
    "island-localcontrols.js": [
      "chunk-5CMHFJAR.js",
      "chunk-GECN7HFK.js",
      "chunk-ED3BSDTT.js",
      "chunk-HWKFG4SP.js",
      "chunk-YHJEOYAX.js",
      "chunk-BZ2O4B5I.js",
      "chunk-BLU3JEWT.js",
      "chunk-V7IMYVGJ.js"
    ],
    "island-localkvlist.js": [
      "chunk-FV6CO4BX.js",
      "chunk-5CMHFJAR.js",
      "chunk-HWKFG4SP.js",
      "chunk-YHJEOYAX.js",
      "chunk-BZ2O4B5I.js",
      "chunk-BLU3JEWT.js",
      "chunk-V7IMYVGJ.js"
    ],
    "chunk-FV6CO4BX.js": [],
    "chunk-5CMHFJAR.js": [
      "chunk-HWKFG4SP.js",
      "chunk-YHJEOYAX.js",
      "chunk-BLU3JEWT.js"
    ],
    "island-remotecontrols.js": [
      "chunk-GU4PNZBP.js",
      "chunk-PKTMSWZ4.js",
      "chunk-GECN7HFK.js",
      "chunk-ED3BSDTT.js",
      "chunk-HWKFG4SP.js",
      "chunk-YHJEOYAX.js",
      "chunk-BZ2O4B5I.js",
      "chunk-BLU3JEWT.js",
      "chunk-V7IMYVGJ.js"
    ],
    "chunk-GU4PNZBP.js": [
      "chunk-GECN7HFK.js",
      "chunk-HWKFG4SP.js",
      "chunk-YHJEOYAX.js",
      "chunk-BLU3JEWT.js",
      "chunk-V7IMYVGJ.js"
    ],
    "chunk-PKTMSWZ4.js": [
      "chunk-GECN7HFK.js",
      "chunk-YHJEOYAX.js",
      "chunk-BZ2O4B5I.js"
    ],
    "chunk-GECN7HFK.js": [
      "chunk-ED3BSDTT.js",
      "chunk-BLU3JEWT.js"
    ],
    "chunk-ED3BSDTT.js": [
      "chunk-YHJEOYAX.js"
    ],
    "chunk-HWKFG4SP.js": [
      "chunk-YHJEOYAX.js",
      "chunk-BZ2O4B5I.js",
      "chunk-BLU3JEWT.js"
    ],
    "chunk-YHJEOYAX.js": [
      "chunk-V7IMYVGJ.js"
    ],
    "chunk-BZ2O4B5I.js": [],
    "chunk-BLU3JEWT.js": [
      "chunk-V7IMYVGJ.js"
    ],
    "chunk-V7IMYVGJ.js": [],
    "metafile.json": []
  }
}