{
  "build_id": "5137db2d6a268cd69c5ef7f52be396b8b88193c7",
  "files": {
    "island-remotekvlist.js": [
      "chunk-YX4JRWLD.js",
      "chunk-RSHIYABM.js",
      "chunk-QNC6BMND.js",
      "chunk-CET67WKJ.js",
      "chunk-EPVAC5KX.js",
      "chunk-JCAXWLTE.js",
      "chunk-7JYTQMR2.js",
      "chunk-JF7HHUHL.js",
      "chunk-RRKPLD6M.js",
      "chunk-JG7V63GM.js"
    ],
    "island-watches.js": [
      "chunk-WVVG5NSZ.js",
      "chunk-TLV3BGDF.js",
      "chunk-FV6CO4BX.js",
      "chunk-RSHIYABM.js",
      "chunk-QNC6BMND.js",
      "chunk-CET67WKJ.js",
      "chunk-JCAXWLTE.js",
      "chunk-7JYTQMR2.js",
      "chunk-JF7HHUHL.js",
      "chunk-RRKPLD6M.js",
      "chunk-JG7V63GM.js"
    ],
    "main.js": [
      "chunk-7JYTQMR2.js",
      "chunk-RRKPLD6M.js",
      "chunk-JG7V63GM.js"
    ],
    "deserializer.js": [
      "chunk-JG7V63GM.js"
    ],
    "signals.js": [
      "chunk-JF7HHUHL.js",
      "chunk-RRKPLD6M.js",
      "chunk-JG7V63GM.js"
    ],
    "island-keytree.js": [
      "chunk-YMECSZ7N.js",
      "chunk-TLV3BGDF.js",
      "chunk-CET67WKJ.js",
      "chunk-JCAXWLTE.js",
      "chunk-7JYTQMR2.js",
      "chunk-JF7HHUHL.js",
      "chunk-RRKPLD6M.js",
      "chunk-JG7V63GM.js"
    ],
    "island-kvexplorer.js": [
      "chunk-WVVG5NSZ.js",
      "chunk-YMECSZ7N.js",
      "chunk-TLV3BGDF.js",
      "chunk-FV6CO4BX.js",
      "chunk-RSHIYABM.js",
      "chunk-QNC6BMND.js",
      "chunk-CET67WKJ.js",
      "chunk-EPVAC5KX.js",
      "chunk-JCAXWLTE.js",
      "chunk-7JYTQMR2.js",
      "chunk-JF7HHUHL.js",
      "chunk-RRKPLD6M.js",
      "chunk-JG7V63GM.js"
    ],
    "chunk-WVVG5NSZ.js": [
      "chunk-TLV3BGDF.js",
      "chunk-FV6CO4BX.js",
      "chunk-CET67WKJ.js",
      "chunk-JCAXWLTE.js",
      "chunk-7JYTQMR2.js",
      "chunk-JF7HHUHL.js",
      "chunk-RRKPLD6M.js"
    ],
    "chunk-YMECSZ7N.js": [
      "chunk-TLV3BGDF.js",
      "chunk-JCAXWLTE.js",
      "chunk-7JYTQMR2.js",
      "chunk-JF7HHUHL.js",
      "chunk-RRKPLD6M.js"
    ],
    "chunk-TLV3BGDF.js": [
      "chunk-JCAXWLTE.js",
      "chunk-JG7V63GM.js"
    ],
    "island-localcontrols.js": [
      "chunk-GEIYKG2B.js",
      "chunk-QNC6BMND.js",
      "chunk-CET67WKJ.js",
      "chunk-EPVAC5KX.js",
      "chunk-JCAXWLTE.js",
      "chunk-7JYTQMR2.js",
      "chunk-JF7HHUHL.js",
      "chunk-RRKPLD6M.js",
      "chunk-JG7V63GM.js"
    ],
    "island-localkvlist.js": [
      "chunk-FV6CO4BX.js",
      "chunk-GEIYKG2B.js",
      "chunk-EPVAC5KX.js",
      "chunk-JCAXWLTE.js",
      "chunk-7JYTQMR2.js",
      "chunk-JF7HHUHL.js",
      "chunk-RRKPLD6M.js",
      "chunk-JG7V63GM.js"
    ],
    "chunk-FV6CO4BX.js": [],
    "chunk-GEIYKG2B.js": [
      "chunk-EPVAC5KX.js",
      "chunk-JCAXWLTE.js",
      "chunk-JF7HHUHL.js"
    ],
    "island-remotecontrols.js": [
      "chunk-YX4JRWLD.js",
      "chunk-RSHIYABM.js",
      "chunk-QNC6BMND.js",
      "chunk-CET67WKJ.js",
      "chunk-EPVAC5KX.js",
      "chunk-JCAXWLTE.js",
      "chunk-7JYTQMR2.js",
      "chunk-JF7HHUHL.js",
      "chunk-RRKPLD6M.js",
      "chunk-JG7V63GM.js"
    ],
    "chunk-YX4JRWLD.js": [
      "chunk-QNC6BMND.js",
      "chunk-EPVAC5KX.js",
      "chunk-JCAXWLTE.js",
      "chunk-JF7HHUHL.js",
      "chunk-RRKPLD6M.js"
    ],
    "chunk-RSHIYABM.js": [
      "chunk-QNC6BMND.js",
      "chunk-JCAXWLTE.js",
      "chunk-7JYTQMR2.js"
    ],
    "chunk-QNC6BMND.js": [
      "chunk-CET67WKJ.js",
      "chunk-JF7HHUHL.js"
    ],
    "chunk-CET67WKJ.js": [
      "chunk-JCAXWLTE.js"
    ],
    "chunk-EPVAC5KX.js": [
      "chunk-JCAXWLTE.js",
      "chunk-7JYTQMR2.js",
      "chunk-JF7HHUHL.js"
    ],
    "chunk-JCAXWLTE.js": [
      "chunk-RRKPLD6M.js"
    ],
    "chunk-7JYTQMR2.js": [],
    "chunk-JF7HHUHL.js": [
      "chunk-RRKPLD6M.js"
    ],
    "chunk-RRKPLD6M.js": [],
    "chunk-JG7V63GM.js": [],
    "metafile.json": []
  }
}