{
  "build_id": "8d48b480add6fc44f131f6d174a7bf4e6f113958",
  "files": {
    "island-remotekvlist.js": [
      "chunk-NH6HG53T.js",
      "chunk-L36I224L.js",
      "chunk-FDGRITYA.js",
      "chunk-4JEKAUXY.js",
      "chunk-5GDGRJYQ.js",
      "chunk-4RXOM3HI.js",
      "chunk-NVJJTTSR.js",
      "chunk-JF7HHUHL.js",
      "chunk-RRKPLD6M.js",
      "chunk-JG7V63GM.js"
    ],
    "island-watches.js": [
      "chunk-XHZOYVM7.js",
      "chunk-4FPU32R6.js",
      "chunk-OFE4TZQ3.js",
      "chunk-L36I224L.js",
      "chunk-FDGRITYA.js",
      "chunk-4JEKAUXY.js",
      "chunk-4RXOM3HI.js",
      "chunk-NVJJTTSR.js",
      "chunk-JF7HHUHL.js",
      "chunk-RRKPLD6M.js",
      "chunk-JG7V63GM.js"
    ],
    "main.js": [
      "chunk-NVJJTTSR.js",
      "chunk-RRKPLD6M.js",
      "chunk-JG7V63GM.js"
    ],
    "deserializer.js": [
      "chunk-JG7V63GM.js"
    ],
    "signals.js": [
      "chunk-JF7HHUHL.js",
      "chunk-RRKPLD6M.js",
      "chunk-JG7V63GM.js"
    ],
    "island-keytree.js": [
      "chunk-2BEJGFTD.js",
      "chunk-4FPU32R6.js",
      "chunk-4JEKAUXY.js",
      "chunk-4RXOM3HI.js",
      "chunk-NVJJTTSR.js",
      "chunk-JF7HHUHL.js",
      "chunk-RRKPLD6M.js",
      "chunk-JG7V63GM.js"
    ],
    "island-kvexplorer.js": [
      "chunk-XHZOYVM7.js",
      "chunk-2BEJGFTD.js",
      "chunk-4FPU32R6.js",
      "chunk-OFE4TZQ3.js",
      "chunk-L36I224L.js",
      "chunk-FDGRITYA.js",
      "chunk-4JEKAUXY.js",
      "chunk-5GDGRJYQ.js",
      "chunk-4RXOM3HI.js",
      "chunk-NVJJTTSR.js",
      "chunk-JF7HHUHL.js",
      "chunk-RRKPLD6M.js",
      "chunk-JG7V63GM.js"
    ],
    "chunk-XHZOYVM7.js": [
      "chunk-4FPU32R6.js",
      "chunk-OFE4TZQ3.js",
      "chunk-4JEKAUXY.js",
      "chunk-4RXOM3HI.js",
      "chunk-NVJJTTSR.js",
      "chunk-JF7HHUHL.js",
      "chunk-RRKPLD6M.js"
    ],
    "chunk-2BEJGFTD.js": [
      "chunk-4FPU32R6.js",
      "chunk-4RXOM3HI.js",
      "chunk-NVJJTTSR.js",
      "chunk-JF7HHUHL.js",
      "chunk-RRKPLD6M.js"
    ],
    "chunk-4FPU32R6.js": [
      "chunk-4RXOM3HI.js",
      "chunk-JG7V63GM.js"
    ],
    "island-localcontrols.js": [
      "chunk-JUD5VNBH.js",
      "chunk-FDGRITYA.js",
      "chunk-4JEKAUXY.js",
      "chunk-5GDGRJYQ.js",
      "chunk-4RXOM3HI.js",
      "chunk-NVJJTTSR.js",
      "chunk-JF7HHUHL.js",
      "chunk-RRKPLD6M.js",
      "chunk-JG7V63GM.js"
    ],
    "island-localkvlist.js": [
      "chunk-OFE4TZQ3.js",
      "chunk-JUD5VNBH.js",
      "chunk-5GDGRJYQ.js",
      "chunk-4RXOM3HI.js",
      "chunk-NVJJTTSR.js",
      "chunk-JF7HHUHL.js",
      "chunk-RRKPLD6M.js",
      "chunk-JG7V63GM.js"
    ],
    "chunk-OFE4TZQ3.js": [],
    "chunk-JUD5VNBH.js": [
      "chunk-5GDGRJYQ.js",
      "chunk-4RXOM3HI.js",
      "chunk-JF7HHUHL.js"
    ],
    "island-remotecontrols.js": [
      "chunk-NH6HG53T.js",
      "chunk-L36I224L.js",
      "chunk-FDGRITYA.js",
      "chunk-4JEKAUXY.js",
      "chunk-5GDGRJYQ.js",
      "chunk-4RXOM3HI.js",
      "chunk-NVJJTTSR.js",
      "chunk-JF7HHUHL.js",
      "chunk-RRKPLD6M.js",
      "chunk-JG7V63GM.js"
    ],
    "chunk-NH6HG53T.js": [
      "chunk-FDGRITYA.js",
      "chunk-5GDGRJYQ.js",
      "chunk-4RXOM3HI.js",
      "chunk-JF7HHUHL.js",
      "chunk-RRKPLD6M.js"
    ],
    "chunk-L36I224L.js": [
      "chunk-FDGRITYA.js",
      "chunk-4RXOM3HI.js",
      "chunk-NVJJTTSR.js"
    ],
    "chunk-FDGRITYA.js": [
      "chunk-4JEKAUXY.js",
      "chunk-JF7HHUHL.js"
    ],
    "chunk-4JEKAUXY.js": [
      "chunk-4RXOM3HI.js"
    ],
    "chunk-5GDGRJYQ.js": [
      "chunk-4RXOM3HI.js",
      "chunk-NVJJTTSR.js",
      "chunk-JF7HHUHL.js"
    ],
    "chunk-4RXOM3HI.js": [
      "chunk-RRKPLD6M.js"
    ],
    "chunk-NVJJTTSR.js": [],
    "chunk-JF7HHUHL.js": [
      "chunk-RRKPLD6M.js"
    ],
    "chunk-RRKPLD6M.js": [],
    "chunk-JG7V63GM.js": [],
    "metafile.json": []
  }
}